Timestamp,Event,Domain,Source
08:58:18 08-04-24,saved,adaco-maschinentechnik.de,aa419.org
08:58:18 08-04-24,saved,apexchemicalslab.com,aa419.org
08:58:18 08-04-24,saved,clean-documents.com,aa419.org
08:58:18 08-04-24,saved,floodedpacks.com,aa419.org
08:58:18 08-04-24,saved,hwrlslogistics.com,aa419.org
08:58:18 08-04-24,saved,mulexcorner.com,aa419.org
08:58:18 08-04-24,saved,statesanabolicstore.com,aa419.org
08:58:18 08-04-24,saved,theoregongolfcart.com,aa419.org
08:58:18 08-04-24,blacklist,mossberg-usa.com,guntab.com
08:58:18 08-04-24,saved,dragonglocks.us,guntab.com
08:58:18 08-04-24,saved,gunsgalleryinc.net,guntab.com
08:58:18 08-04-24,saved,mossberg-store.com,guntab.com
08:58:18 08-04-24,saved,mossberg-usa.com,guntab.com
08:58:18 08-04-24,saved,mossbergarm.com,guntab.com
08:58:18 08-04-24,saved,mossbergarms.com,guntab.com
08:58:18 08-04-24,saved,mossbergarmshop.com,guntab.com
08:58:18 08-04-24,saved,mossbergarmstore.com,guntab.com
08:58:18 08-04-24,saved,mossbergarmsusa.com,guntab.com
08:58:18 08-04-24,saved,mossberggunshop.com,guntab.com
08:58:18 08-04-24,saved,mossberggunshopsusa.com,guntab.com
08:58:18 08-04-24,saved,mossbergusafirearms.com,guntab.com
08:58:18 08-04-24,saved,mossbergusastore.com,guntab.com
08:58:18 08-04-24,saved,mygunrights.me,guntab.com
08:58:18 08-04-24,saved,nightforceopticsusa.com,guntab.com
08:58:18 08-04-24,saved,nolimitgunshop.com,guntab.com
08:58:18 08-04-24,saved,novatofirearms.com,guntab.com
08:58:18 08-04-24,saved,octalgunshop.com,guntab.com
08:58:18 08-04-24,saved,officialmarlinriffles.com,guntab.com
08:58:18 08-04-24,saved,olympusfirearms.com,guntab.com
08:58:18 08-04-24,saved,onemangunshop.com,guntab.com
08:58:18 08-04-24,saved,onetacticalarms.com,guntab.com
08:58:18 08-04-24,saved,opticsandammo.com,guntab.com
08:58:18 08-04-24,saved,outdoorarmshop.com,guntab.com
08:58:18 08-04-24,saved,outdoorhuntingcenter.com,guntab.com
08:58:18 08-04-24,saved,outdoorsandwoodshop.com,guntab.com
08:58:18 08-04-24,saved,outdoorsarmories.com,guntab.com
08:58:18 08-04-24,saved,percussioncaps11.store,guntab.com
08:58:18 08-04-24,saved,precisionreloading.net,guntab.com
08:58:18 08-04-24,saved,premiumammoandfirearms.com,guntab.com
08:58:18 08-04-24,saved,premiumfirearmsandammo.com,guntab.com
08:58:18 08-04-24,saved,premiumsecuritystore.com,guntab.com
08:58:18 08-04-24,saved,primeammoshop.com,guntab.com
08:58:18 08-04-24,saved,primefirearms.net,guntab.com
08:58:18 08-04-24,saved,primepowders.net,guntab.com
08:58:18 08-04-24,saved,primersgunhub.com,guntab.com
08:58:18 08-04-24,saved,primersgunpowder.com,guntab.com
08:58:18 08-04-24,saved,primersstore.com,guntab.com
08:58:18 08-04-24,saved,usaglock.com,guntab.com
08:58:18 08-04-24,redundant,kitten.adorablekittenfarm.com,petscams.com
08:58:18 08-04-24,redundant,puppies.adorablekittenfarm.com,petscams.com
08:58:18 08-04-24,saved,delanelpuppykennel.co.za,petscams.com
08:58:18 08-04-24,saved,diamonddobermanpuppies.com,petscams.com
08:58:18 08-04-24,saved,familyraisedsiamesekittens.com,petscams.com
08:58:18 08-04-24,saved,laradachshund.com,petscams.com
08:58:18 08-04-24,saved,maltipooangels.com,petscams.com
08:58:18 08-04-24,saved,salandspuppies.co.za,petscams.com
08:58:18 08-04-24,saved,bedbathandofficial.shop,scam.directory
08:58:18 08-04-24,saved,zoravip.com,scam.directory
08:58:18 08-04-24,whitelist,maxxfour.com,scamadviser.com
08:58:18 08-04-24,saved,outlet-uk.com,scamadviser.com
09:50:21 08-04-24,dead,1potenzmittel.online,raw
09:50:21 08-04-24,dead,45degreesmarketing.com,raw
09:50:21 08-04-24,dead,9onlyfans.com,raw
09:50:21 08-04-24,dead,acemmarketing.com,raw
09:50:21 08-04-24,dead,adidas.ws,raw
09:50:21 08-04-24,dead,aimarketing-rayne.com,raw
09:50:21 08-04-24,dead,air-delivery.ru,raw
09:50:21 08-04-24,dead,airgunsu.com,raw
09:50:21 08-04-24,dead,aix-bicycle.com,raw
09:50:21 08-04-24,dead,alibabacanada.store,raw
09:50:21 08-04-24,dead,allianzfxinvestment.site,raw
09:50:21 08-04-24,dead,amoustore.com,raw
09:50:21 08-04-24,dead,arichavezsmmanddigitalmarketingservices.org,raw
09:50:21 08-04-24,dead,asukulogistics.com,raw
09:50:21 08-04-24,dead,atosinvestments.com,raw
09:50:21 08-04-24,dead,australiandeliveryservices.com,raw
09:50:21 08-04-24,dead,australianshepherd.dogs.com,raw
09:50:21 08-04-24,dead,aztexporters.com,raw
09:50:21 08-04-24,dead,bclogisticsokc.com,raw
09:50:21 08-04-24,dead,binancesandbox.pro,raw
09:50:21 08-04-24,dead,birdmarketing.agency,raw
09:50:21 08-04-24,dead,bitcoincarclub.com,raw
09:50:21 08-04-24,dead,bitcoincatfi.trading,raw
09:50:21 08-04-24,dead,bitcoinde-aktivieren.com,raw
09:50:21 08-04-24,dead,bitcoinscat.trading,raw
09:50:21 08-04-24,dead,biz-logistic.online,raw
09:50:21 08-04-24,dead,blazer-capital.com,raw
09:50:21 08-04-24,dead,booktoutlet.com,raw
09:50:21 08-04-24,dead,brtshipping.com,raw
09:50:21 08-04-24,dead,bsetbuy.online,raw
09:50:21 08-04-24,dead,calrobertsinvestments.com,raw
09:50:21 08-04-24,dead,cbuaegov.com,raw
09:50:21 08-04-24,dead,check-my-delivery-be.info,raw
09:50:21 08-04-24,dead,christianhomesamoyed.com,raw
09:50:21 08-04-24,dead,clarkfreightlines.com,raw
09:50:21 08-04-24,dead,converse-outletschweiz.com,raw
09:50:21 08-04-24,dead,correosgobdeliverya-sv.xyz,raw
09:50:21 08-04-24,dead,counterfeitbreak.com,raw
09:50:21 08-04-24,dead,crocsoutletinmx.com,raw
09:50:21 08-04-24,dead,dabanshops.com,raw
09:50:21 08-04-24,dead,dark-dumps.xyz,raw
09:50:21 08-04-24,dead,darrenexoticparrots.com,raw
09:50:21 08-04-24,dead,dc-usps.top,raw
09:50:21 08-04-24,dead,delivery-1905.info,raw
09:50:21 08-04-24,dead,delivery-id.website,raw
09:50:21 08-04-24,dead,delivery-mail-cast.management,raw
09:50:21 08-04-24,dead,detedeal.com,raw
09:50:21 08-04-24,dead,dewemalls.com,raw
09:50:21 08-04-24,dead,diarw.com,raw
09:50:21 08-04-24,dead,dinual.com,raw
09:50:21 08-04-24,dead,diptyqueparisoutlet.xyz,raw
09:50:21 08-04-24,dead,discountcigarettesnow.com,raw
09:50:21 08-04-24,dead,do-inposdomdeliveryc.top,raw
09:50:21 08-04-24,dead,dobermannpups.com,raw
09:50:21 08-04-24,dead,dogecoin20app.click,raw
09:50:21 08-04-24,dead,doussales.com,raw
09:50:21 08-04-24,dead,downtownpoodles.com,raw
09:50:21 08-04-24,dead,dragoncouriers.com,raw
09:50:21 08-04-24,dead,ecogreeninvestments.xyz,raw
09:50:21 08-04-24,dead,elitedeliveryexpress.com,raw
09:50:21 08-04-24,dead,epexotics.com,raw
09:50:21 08-04-24,dead,evri-cc.bond,raw
09:50:21 08-04-24,dead,evri-client.xyz,raw
09:50:21 08-04-24,dead,evri-nf.top,raw
09:50:21 08-04-24,dead,evri-s.autos,raw
09:50:21 08-04-24,dead,evri-s.boats,raw
09:50:21 08-04-24,dead,evri-s.mom,raw
09:50:21 08-04-24,dead,evri-s.rest,raw
09:50:21 08-04-24,dead,evri-serveyou.xyz,raw
09:50:21 08-04-24,dead,extension-coinbase.com,raw
09:50:21 08-04-24,dead,extrapayhub.com,raw
09:50:21 08-04-24,dead,facebookshareprice.club,raw
09:50:21 08-04-24,dead,factory.bicycle.com,raw
09:50:21 08-04-24,dead,factoryoutletsdeals.vip,raw
09:50:21 08-04-24,dead,fastlinkcarriers.com,raw
09:50:21 08-04-24,dead,firearms.arizona.com,raw
09:50:21 08-04-24,dead,firearmsammunitiondepot.com,raw
09:50:21 08-04-24,dead,freightgloballogistics.com,raw
09:50:21 08-04-24,dead,frontlinesc.com,raw
09:50:21 08-04-24,dead,funshihtzepuppies.com,raw
09:50:21 08-04-24,dead,gadgetstoretoday.com,raw
09:50:21 08-04-24,dead,genuinegrouplogistics.com,raw
09:50:21 08-04-24,dead,geoo714logistics.com,raw
09:50:21 08-04-24,dead,gerryvenomshop.com,raw
09:50:21 08-04-24,dead,getcarspareparts.com,raw
09:50:21 08-04-24,dead,globaleasybanking.com,raw
09:50:21 08-04-24,dead,globeflightlogistics.com,raw
09:50:21 08-04-24,dead,gobendeals.com,raw
09:50:21 08-04-24,dead,goldhyipinvest.com,raw
09:50:21 08-04-24,dead,gomining.cloud,raw
09:50:21 08-04-24,dead,googledmjv.xyz,raw
09:50:21 08-04-24,dead,googleplayan.com,raw
09:50:21 08-04-24,dead,goplaygoogle8u14.com,raw
09:50:21 08-04-24,dead,goplaygoogle8u32.com,raw
09:50:21 08-04-24,dead,gpc-syria.com,raw
09:50:21 08-04-24,dead,gracecanecorso.paradise.com,raw
09:50:21 08-04-24,dead,gymsharkatonline.com,raw
09:50:21 08-04-24,dead,happypuppiesuniverse.com,raw
09:50:21 08-04-24,dead,heavenlystbernardpuppies.com,raw
09:50:21 08-04-24,dead,heimgruee.com,raw
09:50:21 08-04-24,dead,hl-usps.top,raw
09:50:21 08-04-24,dead,homeestore.net,raw
09:50:21 08-04-24,dead,inatbox-indir-apk.xyz,raw
09:50:21 08-04-24,dead,investment-mastermind.info,raw
09:50:21 08-04-24,dead,ioniancourier.com,raw
09:50:21 08-04-24,dead,irockstudio.com,raw
09:50:21 08-04-24,dead,isbankasi-turkiye.com,raw
09:50:21 08-04-24,dead,joyfullabradorpups.com,raw
09:50:21 08-04-24,dead,judybritishkitts.com,raw
09:50:21 08-04-24,dead,jule-sidene.com,raw
09:50:21 08-04-24,dead,keen-osterreich.com,raw
09:50:21 08-04-24,dead,kerlinemkt.de,raw
09:50:21 08-04-24,dead,kinvarainvestments.com,raw
09:50:21 08-04-24,dead,kor-bigshineworldwide.com,raw
09:50:21 08-04-24,dead,kyc-page-coinbase.com,raw
09:50:21 08-04-24,dead,laniganinvestments.com,raw
09:50:21 08-04-24,dead,laradachshund.com,raw
09:50:21 08-04-24,dead,liftspeedcourier.com,raw
09:50:21 08-04-24,dead,littletikestore.shop,raw
09:50:21 08-04-24,dead,livestockandexotics.com,raw
09:50:21 08-04-24,dead,lovely.teacupyorkies.com,raw
09:50:21 08-04-24,dead,lovingitaliangreyhoundpups.com,raw
09:50:21 08-04-24,dead,lr-usps.top,raw
09:50:21 08-04-24,dead,luminar-official.org,raw
09:50:21 08-04-24,dead,mainstreamdiscounts.com,raw
09:50:21 08-04-24,dead,majestymonkeyshome.com,raw
09:50:21 08-04-24,dead,mango-outletnorge.com,raw
09:50:21 08-04-24,dead,market.bicycle.com,raw
09:50:21 08-04-24,dead,marketing-attribution-tools-02-intl.fyi,raw
09:50:21 08-04-24,dead,marketingconlesly.com,raw
09:50:21 08-04-24,dead,master-of-investment-management-17.pics,raw
09:50:21 08-04-24,dead,master-of-investment-management-20.pics,raw
09:50:21 08-04-24,dead,master-of-investment-management-21.pics,raw
09:50:21 08-04-24,dead,master-of-investment-management-23.pics,raw
09:50:21 08-04-24,dead,mazarcapitalinvestment.com,raw
09:50:21 08-04-24,dead,mcqinsurance.com,raw
09:50:21 08-04-24,dead,medicureshop.com,raw
09:50:21 08-04-24,dead,merrell-austria.com,raw
09:50:21 08-04-24,dead,metropluscourierservices.com,raw
09:50:21 08-04-24,dead,microsoftstockprice.club,raw
09:50:21 08-04-24,dead,mininghc.cfd,raw
09:50:21 08-04-24,dead,minpinbreedersnearme.com,raw
09:50:21 08-04-24,dead,mizunoromaniaoutlet.com,raw
09:50:21 08-04-24,dead,mmgtzlogistics.com,raw
09:50:21 08-04-24,dead,momit.marketing,raw
09:50:21 08-04-24,dead,montecaustria.com,raw
09:50:21 08-04-24,dead,mossberg-store.com,raw
09:50:21 08-04-24,dead,mossberg-usa.com,raw
09:50:21 08-04-24,dead,mossbergarm.com,raw
09:50:21 08-04-24,dead,mossbergarms.com,raw
09:50:21 08-04-24,dead,mossbergarmshop.com,raw
09:50:21 08-04-24,dead,mossbergarmstore.com,raw
09:50:21 08-04-24,dead,mossbergarmsusa.com,raw
09:50:21 08-04-24,dead,mossberggunshop.com,raw
09:50:21 08-04-24,dead,mossberggunshopsusa.com,raw
09:50:21 08-04-24,dead,mossbergusafirearms.com,raw
09:50:21 08-04-24,dead,mossbergusastore.com,raw
09:50:21 08-04-24,dead,mountainstbernard.com,raw
09:50:21 08-04-24,dead,mulexcorner.com,raw
09:50:21 08-04-24,dead,mybrightsun.com,raw
09:50:21 08-04-24,dead,mygunrights.me,raw
09:50:21 08-04-24,dead,neumaticosoutlet.com,raw
09:50:21 08-04-24,dead,newshademarketing.com,raw
09:50:21 08-04-24,dead,nightforceopticsusa.com,raw
09:50:21 08-04-24,dead,nolimitgunshop.com,raw
09:50:21 08-04-24,dead,novatofirearms.com,raw
09:50:21 08-04-24,dead,nz-deliveryparcelc.top,raw
09:50:21 08-04-24,dead,octalgunshop.com,raw
09:50:21 08-04-24,dead,officialkiing.store,raw
09:50:21 08-04-24,dead,officiallybiovanishh.com,raw
09:50:21 08-04-24,dead,officialmarlinriffles.com,raw
09:50:21 08-04-24,dead,officialproduct.pro,raw
09:50:21 08-04-24,dead,olympusfirearms.com,raw
09:50:21 08-04-24,dead,on-banking.services,raw
09:50:21 08-04-24,dead,onemangunshop.com,raw
09:50:21 08-04-24,dead,onetacticalarms.com,raw
09:50:21 08-04-24,dead,onitsukatigeroutletstore.com,raw
09:50:21 08-04-24,dead,ontariocourts-setfines-ca.com,raw
09:50:21 08-04-24,dead,outdoorarmshop.com,raw
09:50:21 08-04-24,dead,outdoorhuntingcenter.com,raw
09:50:21 08-04-24,dead,outdoorsandwoodshop.com,raw
09:50:21 08-04-24,dead,outdoorsarmories.com,raw
09:50:21 08-04-24,dead,outlet-uk.com,raw
09:50:21 08-04-24,dead,palpiy.com,raw
09:50:21 08-04-24,dead,paypalcreidt.com,raw
09:50:21 08-04-24,dead,percussioncaps11.store,raw
09:50:21 08-04-24,dead,phanotech.de,raw
09:50:21 08-04-24,dead,pharmacent.org,raw
09:50:21 08-04-24,dead,phlogisticaltda.com,raw
09:50:21 08-04-24,dead,platinumtrustbanking.com,raw
09:50:21 08-04-24,dead,polene-osterreich.com,raw
09:50:21 08-04-24,dead,pom.paradise.com,raw
09:50:21 08-04-24,dead,postadelivery-mk.top,raw
09:50:21 08-04-24,dead,pottytrainedmaltipoobabies.com,raw
09:50:21 08-04-24,dead,preciouslittershome.com,raw
09:50:21 08-04-24,dead,precisionreloading.net,raw
09:50:21 08-04-24,dead,premiumammoandfirearms.com,raw
09:50:21 08-04-24,dead,premiumchariot.com,raw
09:50:21 08-04-24,dead,premiumculturalexperiences.com,raw
09:50:21 08-04-24,dead,premiumfirearmsandammo.com,raw
09:50:21 08-04-24,dead,premiumpricepills24hr.com,raw
09:50:21 08-04-24,dead,premiumsecuritystore.com,raw
09:50:21 08-04-24,dead,primeammoshop.com,raw
09:50:21 08-04-24,dead,primepowders.net,raw
09:50:21 08-04-24,dead,primersgunhub.com,raw
09:50:21 08-04-24,dead,primersgunpowder.com,raw
09:50:21 08-04-24,dead,primersstore.com,raw
09:50:21 08-04-24,dead,psilocybinworld24.com,raw
09:50:21 08-04-24,dead,purebredbernesemountains.com,raw
09:50:21 08-04-24,dead,qrtexpress.com,raw
09:50:21 08-04-24,dead,qusidy.com,raw
09:50:21 08-04-24,dead,razesale.com,raw
09:50:21 08-04-24,dead,redcross.ukrainedonate.com,raw
09:50:21 08-04-24,dead,remitearning.com,raw
09:50:21 08-04-24,dead,ridgestonemgt.com,raw
09:50:21 08-04-24,dead,rockportdeutschland.com,raw
09:50:21 08-04-24,dead,rysedigitalmarketing.xyz,raw
09:50:21 08-04-24,dead,sanukdeutschland.com,raw
09:50:21 08-04-24,dead,savannahinvestmenttrust.com,raw
09:50:21 08-04-24,dead,secxonline.com,raw
09:50:21 08-04-24,dead,semallo.com,raw
09:50:21 08-04-24,dead,shatorpropertyinvestments.com,raw
09:50:21 08-04-24,dead,shippingeaqsy.com,raw
09:50:21 08-04-24,dead,sigsauerus.com,raw
09:50:21 08-04-24,dead,solarnetz.at,raw
09:50:21 08-04-24,dead,spinevo.com,raw
09:50:21 08-04-24,dead,sportmerchoutlet.com,raw
09:50:21 08-04-24,dead,sportybetadders.com,raw
09:50:21 08-04-24,dead,standardshorez.com,raw
09:50:21 08-04-24,dead,stauddeutschland.com,raw
09:50:21 08-04-24,dead,sunrisebullyz.shop,raw
09:50:21 08-04-24,dead,suppliesandmining-samgroup.com,raw
09:50:21 08-04-24,dead,suprashoesosterreich.com,raw
09:50:21 08-04-24,dead,supreme-osterreich.com,raw
09:50:21 08-04-24,dead,sv-correosdeliveryz.life,raw
09:50:21 08-04-24,dead,sweetlittershome.com,raw
09:50:21 08-04-24,dead,szbanking.net,raw
09:50:21 08-04-24,dead,taledeals.com,raw
09:50:21 08-04-24,dead,tambrisasset.com,raw
09:50:21 08-04-24,dead,te-legram.site,raw
09:50:21 08-04-24,dead,thetntlogistiics.com,raw
09:50:21 08-04-24,dead,tiktok-me.shop,raw
09:50:21 08-04-24,dead,tiktokvideolive.top,raw
09:50:21 08-04-24,dead,tinderf.com,raw
09:50:21 08-04-24,dead,tinderg.com,raw
09:50:21 08-04-24,dead,tortoisehomebreed.com,raw
09:50:21 08-04-24,dead,tosamalls.com,raw
09:50:21 08-04-24,dead,trustgosecurity.com,raw
09:50:21 08-04-24,dead,trustwalletholding.com,raw
09:50:21 08-04-24,dead,twitterg.com,raw
09:50:21 08-04-24,dead,tyreplusgroup.com,raw
09:50:21 08-04-24,dead,uncppdofficial.com,raw
09:50:21 08-04-24,dead,upsalliance-logistics.com,raw
09:50:21 08-04-24,dead,usdcde.site,raw
09:50:21 08-04-24,dead,usps-asd.top,raw
09:50:21 08-04-24,dead,usps-cc.beauty,raw
09:50:21 08-04-24,dead,usps-cc.boats,raw
09:50:21 08-04-24,dead,usps-cc.makeup,raw
09:50:21 08-04-24,dead,usps-cc.yachts,raw
09:50:21 08-04-24,dead,usps-nyk.icu,raw
09:50:21 08-04-24,dead,uspss.icu,raw
09:50:21 08-04-24,dead,uspsshops.top,raw
09:50:21 08-04-24,dead,utobks.com,raw
09:50:21 08-04-24,dead,valuecraftmarketing.com,raw
09:50:21 08-04-24,dead,vertigo-exports.com,raw
09:50:21 08-04-24,dead,viagraaus.com,raw
09:50:21 08-04-24,dead,vingroupinvestments.net,raw
09:50:21 08-04-24,dead,walmartgiftccard.com,raw
09:50:21 08-04-24,dead,wingscourier.net,raw
09:50:21 08-04-24,dead,winstonmedcenter.com,raw
09:50:21 08-04-24,dead,wizsolucoeslogisticas.com,raw
09:50:21 08-04-24,dead,www-evri-com.sbs,raw
09:50:21 08-04-24,dead,www-evri-uk.buzz,raw
09:50:21 08-04-24,dead,xn--shopee0909-lo3syd293mb5d.lol,raw
09:50:21 08-04-24,dead,ygatha.com,raw
09:50:21 08-04-24,dead,yslfactoryoutlets.com,raw
09:50:21 08-04-24,dead,zabinshop.com,raw
09:50:21 08-04-24,dead,zellingtonco.com,raw
09:50:21 08-04-24,dead,zoomi.website,raw
09:50:21 08-04-24,dead,zr-logistics.com,raw
09:50:21 08-04-24,resurrected,adaptivereflexmarketing.com,dead_domains_file
09:50:21 08-04-24,resurrected,aletheialogistics.com,dead_domains_file
09:50:21 08-04-24,resurrected,alibaba-ukh.com,dead_domains_file
09:50:21 08-04-24,resurrected,alphatransshipping.com,dead_domains_file
09:50:21 08-04-24,resurrected,angelinasfreight.com,dead_domains_file
09:50:21 08-04-24,resurrected,apharmacie.com,dead_domains_file
09:50:21 08-04-24,resurrected,asleeinsurance.com,dead_domains_file
09:50:21 08-04-24,resurrected,authorsadoptionabsencel.com,dead_domains_file
09:50:21 08-04-24,resurrected,bannerchemicals.mom,dead_domains_file
09:50:21 08-04-24,resurrected,binanceweb3.finance,dead_domains_file
09:50:21 08-04-24,resurrected,bitcoinaudit.net,dead_domains_file
09:50:21 08-04-24,resurrected,bitcoincatfi.network,dead_domains_file
09:50:21 08-04-24,resurrected,boldrhino.marketing,dead_domains_file
09:50:21 08-04-24,resurrected,btcbitcoinnews.com,dead_domains_file
09:50:21 08-04-24,resurrected,businessinsurance.africa,dead_domains_file
09:50:21 08-04-24,resurrected,buycakescarts.com,dead_domains_file
09:50:21 08-04-24,resurrected,buytaurusonline.com,dead_domains_file
09:50:21 08-04-24,resurrected,cardenasdelivery.com,dead_domains_file
09:50:21 08-04-24,resurrected,casbylogistics.com,dead_domains_file
09:50:21 08-04-24,resurrected,caxiacredit.com,dead_domains_file
09:50:21 08-04-24,resurrected,chihuahuapleasures.com,dead_domains_file
09:50:21 08-04-24,resurrected,ckfmarketing.com,dead_domains_file
09:50:21 08-04-24,resurrected,converse-osterreich.at,dead_domains_file
09:50:21 08-04-24,resurrected,coronadoshoresforsale.com,dead_domains_file
09:50:21 08-04-24,resurrected,crispmarketingagency.com,dead_domains_file
09:50:21 08-04-24,resurrected,customertouchmarketing.com,dead_domains_file
09:50:21 08-04-24,resurrected,digitalmarketingforartists.com,dead_domains_file
09:50:21 08-04-24,resurrected,discount,dead_domains_file
09:50:21 08-04-24,resurrected,dispensarysitesexpress.com,dead_domains_file
09:50:21 08-04-24,resurrected,ecogreeninvestments.com,dead_domains_file
09:50:21 08-04-24,resurrected,editofficial.com,dead_domains_file
09:50:21 08-04-24,resurrected,eigruber.com,dead_domains_file
09:50:21 08-04-24,resurrected,elof-hanssoninvestments.net,dead_domains_file
09:50:21 08-04-24,resurrected,elofhanssoninvestments.net,dead_domains_file
09:50:21 08-04-24,resurrected,etalogisticsindia.com,dead_domains_file
09:50:21 08-04-24,resurrected,eu.ecco.shop,dead_domains_file
09:50:21 08-04-24,resurrected,evri-cc.autos,dead_domains_file
09:50:21 08-04-24,resurrected,evri-cc.boats,dead_domains_file
09:50:21 08-04-24,resurrected,evri-cc.mom,dead_domains_file
09:50:21 08-04-24,resurrected,evril.ltd,dead_domains_file
09:50:21 08-04-24,resurrected,flyway.travels.com,dead_domains_file
09:50:21 08-04-24,resurrected,frexlogistics.com,dead_domains_file
09:50:21 08-04-24,resurrected,g0ogle.store,dead_domains_file
09:50:21 08-04-24,resurrected,gangasoutlet.com,dead_domains_file
09:50:21 08-04-24,resurrected,global-parcel.co.uk,dead_domains_file
09:50:21 08-04-24,resurrected,globaltrading123.com,dead_domains_file
09:50:21 08-04-24,resurrected,googleapp.vip,dead_domains_file
09:50:21 08-04-24,resurrected,googlebrowser64.com,dead_domains_file
09:50:21 08-04-24,resurrected,googleepalyy.com,dead_domains_file
09:50:21 08-04-24,resurrected,googlefcip.xyz,dead_domains_file
09:50:21 08-04-24,resurrected,googlelaz.xyz,dead_domains_file
09:50:21 08-04-24,resurrected,googleled.xyz,dead_domains_file
09:50:21 08-04-24,resurrected,googleplayindia.net,dead_domains_file
09:50:21 08-04-24,resurrected,goplaygoogle8u36.com,dead_domains_file
09:50:21 08-04-24,resurrected,goplaygoogleghj74.com,dead_domains_file
09:50:21 08-04-24,resurrected,greensunsolars.com,dead_domains_file
09:50:21 08-04-24,resurrected,hcdelivery.com,dead_domains_file
09:50:21 08-04-24,resurrected,hilton-uk.online,dead_domains_file
09:50:21 08-04-24,resurrected,inandamarketing.com,dead_domains_file
09:50:21 08-04-24,resurrected,jenniferlilibethtibbs.com,dead_domains_file
09:50:21 08-04-24,resurrected,kadlogistics.net,dead_domains_file
09:50:21 08-04-24,resurrected,kreamluxurypuppies.com,dead_domains_file
09:50:21 08-04-24,resurrected,leonlogistica.com,dead_domains_file
09:50:21 08-04-24,resurrected,linkdmarketing.com,dead_domains_file
09:50:21 08-04-24,resurrected,merinoworldwide.com,dead_domains_file
09:50:21 08-04-24,resurrected,mick.ammodepot.com,dead_domains_file
09:50:21 08-04-24,resurrected,microsofton1ine.com,dead_domains_file
09:50:21 08-04-24,resurrected,nobscontentmarketing.com,dead_domains_file
09:50:21 08-04-24,resurrected,official-store-50-off.online,dead_domains_file
09:50:21 08-04-24,resurrected,ourtiktokvip.com,dead_domains_file
09:50:21 08-04-24,resurrected,peakfundfinance.com,dead_domains_file
09:50:21 08-04-24,resurrected,phero007.shop,dead_domains_file
09:50:21 08-04-24,resurrected,playgoogleinan.com,dead_domains_file
09:50:21 08-04-24,resurrected,prarthanachemicals.com,dead_domains_file
09:50:21 08-04-24,resurrected,psychedelic.news,dead_domains_file
09:50:21 08-04-24,resurrected,realestateforsaleaustin.com,dead_domains_file
09:50:21 08-04-24,resurrected,redcrosssurgeon.org,dead_domains_file
09:50:21 08-04-24,resurrected,relightmarketing.com,dead_domains_file
09:50:21 08-04-24,resurrected,riscord.com,dead_domains_file
09:50:21 08-04-24,resurrected,rongdachemicals.com,dead_domains_file
09:50:21 08-04-24,resurrected,royalogistic.com,dead_domains_file
09:50:21 08-04-24,resurrected,samsang.top,dead_domains_file
09:50:21 08-04-24,resurrected,savvynetworkmarketingleader.com,dead_domains_file
09:50:21 08-04-24,resurrected,sigsauercore.com,dead_domains_file
09:50:21 08-04-24,resurrected,skecherss.ch,dead_domains_file
09:50:21 08-04-24,resurrected,sphynskittensforsale.com,dead_domains_file
09:50:21 08-04-24,resurrected,sphynxhairlesscats.com,dead_domains_file
09:50:21 08-04-24,resurrected,spitfirelogistics.com,dead_domains_file
09:50:21 08-04-24,resurrected,tasktiktok1.com,dead_domains_file
09:50:21 08-04-24,resurrected,tcsxpresscompany.com,dead_domains_file
09:50:21 08-04-24,resurrected,tdclogistics.org,dead_domains_file
09:50:21 08-04-24,resurrected,tgmail.xyz,dead_domains_file
09:50:21 08-04-24,resurrected,thccartsdispensary.site,dead_domains_file
09:50:21 08-04-24,resurrected,thekickassmarketingcompany.com,dead_domains_file
09:50:21 08-04-24,resurrected,thusdetermining.com,dead_domains_file
09:50:21 08-04-24,resurrected,tiktokofficialusbd.top,dead_domains_file
09:50:21 08-04-24,resurrected,tinderx.online,dead_domains_file
09:50:21 08-04-24,resurrected,toddtp.com,dead_domains_file
09:50:21 08-04-24,resurrected,ubagroupe-ng.com,dead_domains_file
09:50:21 08-04-24,resurrected,usps-direct.sbs,dead_domains_file
09:50:21 08-04-24,resurrected,usps8.vip,dead_domains_file
09:50:21 08-04-24,resurrected,uspsyio.pw,dead_domains_file
09:50:21 08-04-24,resurrected,utd.deliveryservice.com,dead_domains_file
09:50:21 08-04-24,resurrected,vessishoesoutlet.com,dead_domains_file
09:50:21 08-04-24,resurrected,vizslaweimhome.com,dead_domains_file
09:50:21 08-04-24,resurrected,worldwideroar.com,dead_domains_file
09:50:21 08-04-24,resurrected,wsireedinternetmarketing.com,dead_domains_file
09:50:21 08-04-24,resurrected,yourchoicecourier.com,dead_domains_file
09:50:21 08-04-24,resurrected,yshomesforsale.com,dead_domains_file
09:50:21 08-04-24,resurrected,zuzarteefreightntrade.com,dead_domains_file
14:49:00 10-04-24,saved,ali-trading.com,aa419.org
14:49:00 10-04-24,saved,all-daydiplomaticcourier.com,aa419.org
14:49:00 10-04-24,saved,banknoteagency.com,aa419.org
14:49:00 10-04-24,saved,blenheimshippingservice.com,aa419.org
14:49:00 10-04-24,saved,btccvs.com,aa419.org
14:49:00 10-04-24,saved,cargologisticshippers.com,aa419.org
14:49:00 10-04-24,saved,cashout-empire.net,aa419.org
14:49:00 10-04-24,saved,centralparkpuppies.co.za,aa419.org
14:49:00 10-04-24,saved,genericdocs.com,aa419.org
14:49:00 10-04-24,saved,hovermart.net,aa419.org
14:49:00 10-04-24,saved,lisaconnerinccontainers.com,aa419.org
14:49:00 10-04-24,saved,mikedoodlepups.com,aa419.org
14:49:00 10-04-24,saved,olexdistribution.com,aa419.org
14:49:00 10-04-24,saved,petskingdom.co.za,aa419.org
14:49:00 10-04-24,saved,pflslogistics.com,aa419.org
14:49:00 10-04-24,saved,pharmaperial.com,aa419.org
14:49:00 10-04-24,saved,pharmaperiel.com,aa419.org
14:49:00 10-04-24,saved,pikonspzoo.com,aa419.org
14:49:00 10-04-24,saved,premiumautocarparts.com,aa419.org
14:49:00 10-04-24,saved,pupyboutique.com,aa419.org
14:49:00 10-04-24,saved,reptilesandexoticslogisticsservices.com,aa419.org
14:49:00 10-04-24,saved,revzilla7.com,aa419.org
14:49:00 10-04-24,saved,tapexpresscargo.com,aa419.org
14:49:00 10-04-24,saved,teslaxinvestments.com,aa419.org
14:49:00 10-04-24,saved,xn--razen-usa.com,aa419.org
14:49:00 10-04-24,toplist,rarebreedtriggerusa.com,guntab.com
14:49:00 10-04-24,saved,bestsilencershop.com,guntab.com
14:49:00 10-04-24,saved,buyghostguns.us,guntab.com
14:49:00 10-04-24,saved,ghostgunkitforsale.com,guntab.com
14:49:00 10-04-24,saved,ghostgunsforsaleaustralia.com,guntab.com
14:49:00 10-04-24,saved,ragearmoury.com,guntab.com
14:49:00 10-04-24,saved,redlevelfirearms.com,guntab.com
14:49:00 10-04-24,saved,reloadingbrassusa.com,guntab.com
14:49:00 10-04-24,saved,reloadinghouse.com,guntab.com
14:49:00 10-04-24,saved,reloadinghubcanada.com,guntab.com
14:49:00 10-04-24,saved,reloadnshoot.com,guntab.com
14:49:00 10-04-24,saved,reloadstore.net,guntab.com
14:49:00 10-04-24,saved,shop-taurus.com,guntab.com
14:49:00 10-04-24,saved,springammoshop.com,guntab.com
14:49:00 10-04-24,saved,adorableaustralianshepherd.com,petscams.com
14:49:00 10-04-24,saved,adorablesphynxhome.com,petscams.com
14:49:00 10-04-24,saved,basurtoranchoftexas.com,petscams.com
14:49:00 10-04-24,saved,championbloodlinecooncattery.com,petscams.com
14:49:00 10-04-24,saved,destinyitaliangreyhoundforsale.com,petscams.com
14:49:00 10-04-24,saved,goodhoperagdollkittens.com,petscams.com
14:49:00 10-04-24,saved,happybeastmainecoons.com,petscams.com
14:49:00 10-04-24,saved,happytailyorkiesinc.com,petscams.com
14:49:00 10-04-24,saved,highcreekbullies.com,petscams.com
14:49:00 10-04-24,saved,luksfamily.com,petscams.com
14:49:00 10-04-24,saved,miraclassiccoons.com,petscams.com
14:49:00 10-04-24,saved,stonebengalscattery.com,petscams.com
14:49:00 10-04-24,whitelist,booking.com,scamadviser.com
14:49:00 10-04-24,whitelist,maxxfour.com,scamadviser.com
14:49:00 10-04-24,whitelist,ourelitehealth.com,scamadviser.com
14:49:00 10-04-24,whitelist,porteduc.ml,scamadviser.com
14:49:00 10-04-24,saved,donitop.com,scamadviser.com
14:49:00 10-04-24,saved,flair-frost.co.uk,scamadviser.com
14:49:00 10-04-24,saved,netsheep.shop,scamadviser.com
14:49:00 10-04-24,subdomain,shop.taurus.com,stopgunscams.com
14:49:00 10-04-24,saved,bestsilencershop.com,stopgunscams.com
14:49:00 10-04-24,saved,buyghostguns.us,stopgunscams.com
14:49:00 10-04-24,saved,ghostgunkitforsale.com,stopgunscams.com
14:49:00 10-04-24,saved,ghostgunsforsaleaustralia.com,stopgunscams.com
14:49:00 10-04-24,saved,springammoshop.com,stopgunscams.com
14:49:00 10-04-24,saved,taurus.com,stopgunscams.com
14:53:16 10-04-24,blacklist,rarebreedtriggerusa.com,guntab.com
14:53:16 10-04-24,saved,rarebreedtriggerusa.com,guntab.com
15:06:14 10-04-24,whitelist,booking.com,scamadviser.com
15:06:14 10-04-24,whitelist,maxxfour.com,scamadviser.com
15:06:14 10-04-24,whitelist,ourelitehealth.com,scamadviser.com
15:06:14 10-04-24,subdomain,shop.taurus.com,stopgunscams.com
15:19:47 10-04-24,whitelist,booking.com,scamadviser.com
15:19:47 10-04-24,whitelist,maxxfour.com,scamadviser.com
15:19:47 10-04-24,whitelist,ourelitehealth.com,scamadviser.com
15:19:47 10-04-24,invalid,0.15,scamadviser.com
15:19:47 10-04-24,toplist,5adsday.com,scamadviser.com
15:19:47 10-04-24,toplist,epiqpay.com,scamadviser.com
15:19:47 10-04-24,unsaved,4uvize.com,scamadviser.com
15:19:47 10-04-24,subdomain,shop.taurus.com,stopgunscams.com
15:33:45 10-04-24,blacklist,5adsday.com,scamadviser.com
15:33:45 10-04-24,whitelist,epiqpay.com,scamadviser.com
15:33:45 10-04-24,invalid,0.15,scamadviser.com
15:33:45 10-04-24,unsaved,5adsday.com,scamadviser.com
15:35:59 10-04-24,invalid,0.15,scamadviser.com
15:38:08 10-04-24,invalid,0.15,scamadviser.com
15:40:09 10-04-24,whitelist,amazon.com,scamadviser.com
15:40:09 10-04-24,whitelist,booking.com,scamadviser.com
15:40:09 10-04-24,whitelist,maxxfour.com,scamadviser.com
15:40:09 10-04-24,whitelist,ourelitehealth.com,scamadviser.com
15:40:09 10-04-24,whitelist,porteduc.ml,scamadviser.com
15:40:09 10-04-24,whitelist,scamadviser.com,scamadviser.com
15:40:09 10-04-24,unsaved,898.com,scamadviser.com
15:40:09 10-04-24,unsaved,alarmchip.com,scamadviser.com
15:40:09 10-04-24,unsaved,castillotigo.com,scamadviser.com
15:40:09 10-04-24,unsaved,cherishes.shop,scamadviser.com
15:40:09 10-04-24,unsaved,dermabuzz.com,scamadviser.com
15:40:09 10-04-24,unsaved,floryclothe.de,scamadviser.com
15:40:09 10-04-24,unsaved,inacool.com,scamadviser.com
15:40:09 10-04-24,unsaved,jordanxred.com,scamadviser.com
15:40:09 10-04-24,unsaved,lannywitch.com,scamadviser.com
15:40:09 10-04-24,unsaved,mantraman.in,scamadviser.com
15:40:09 10-04-24,unsaved,ousell.com,scamadviser.com
15:40:09 10-04-24,unsaved,pappya.com,scamadviser.com
15:40:09 10-04-24,unsaved,patever.store,scamadviser.com
15:40:09 10-04-24,unsaved,shareadeals.com,scamadviser.com
15:40:09 10-04-24,unsaved,sirinote.com,scamadviser.com
15:40:09 10-04-24,unsaved,trxtron.bet,scamadviser.com
15:40:09 10-04-24,unsaved,uugvz.uk,scamadviser.com
15:40:09 10-04-24,unsaved,yunrock.com,scamadviser.com
15:40:09 10-04-24,subdomain,shop.taurus.com,stopgunscams.com
15:59:28 10-04-24,saved,alarmchip.com,scamadviser.com
15:59:28 10-04-24,subdomain,shop.taurus.com,stopgunscams.com
16:19:17 10-04-24,whitelist,amazon.com,scamadviser.com
16:19:17 10-04-24,whitelist,booking.com,scamadviser.com
16:19:17 10-04-24,whitelist,maxxfour.com,scamadviser.com
16:19:17 10-04-24,whitelist,ourelitehealth.com,scamadviser.com
16:19:17 10-04-24,whitelist,porteduc.ml,scamadviser.com
16:19:17 10-04-24,whitelist,scamadviser.com,scamadviser.com
16:19:17 10-04-24,invalid,aprilcash2023[.]com,scamadviser.com
16:19:17 10-04-24,invalid,augustcash2023[.]com,scamadviser.com
16:19:17 10-04-24,invalid,marchcash2023[.]com,scamadviser.com
16:19:17 10-04-24,invalid,maycash2023[.]com,scamadviser.com
16:19:17 10-04-24,invalid,sheingivesback[.]com,scamadviser.com
16:19:17 10-04-24,subdomain,shop.taurus.com,stopgunscams.com
16:26:54 10-04-24,saved,aprilcash2023.com,scamadviser.com
16:26:54 10-04-24,saved,augustcash2023.com,scamadviser.com
16:26:54 10-04-24,saved,marchcash2023.com,scamadviser.com
16:26:54 10-04-24,saved,maycash2023.com,scamadviser.com
16:26:54 10-04-24,saved,sheingivesback.com,scamadviser.com
16:56:38 10-04-24,whitelist,booking.com,scamadviser.com
16:56:38 10-04-24,whitelist,maxxfour.com,scamadviser.com
16:56:38 10-04-24,whitelist,ourelitehealth.com,scamadviser.com
16:56:38 10-04-24,subdomain,shop.taurus.com,stopgunscams.com
16:56:38 10-04-24,saved,corteizcrtz.fr,Google Search
16:56:38 10-04-24,saved,crtzcorteiz.fr,Google Search
16:56:38 10-04-24,whitelist,about.me,Google Search
16:56:38 10-04-24,saved,gsop.fr,Google Search
16:56:38 10-04-24,whitelist,icoholder.com,Google Search
16:56:38 10-04-24,whitelist,invitation.codes,Google Search
16:56:38 10-04-24,whitelist,zoomex.com,Google Search
16:56:38 10-04-24,saved,bitstape.com,Google Search
16:56:38 10-04-24,saved,fednex.com,Google Search
16:56:38 10-04-24,saved,hoodlc.com,Google Search
16:56:38 10-04-24,saved,ketbit.com,Google Search
16:56:38 10-04-24,whitelist,nairaland.com,Google Search
16:56:38 10-04-24,saved,dapemo.com,Google Search
16:56:38 10-04-24,whitelist,archive.ph,Google Search
16:56:38 10-04-24,saved,intimacyloves.com,Google Search
16:56:38 10-04-24,saved,jmadultere.lat,Google Search
16:56:38 10-04-24,saved,l6.datingeo.com,Google Search
16:56:38 10-04-24,saved,nakedforsex.com,Google Search
16:56:38 10-04-24,saved,pussydates.com,Google Search
16:56:38 10-04-24,saved,wildhearteddates.com,Google Search
16:56:38 10-04-24,saved,bggcdje.datesrud.com,Google Search
16:56:38 10-04-24,saved,greatautnagency.com,Google Search
16:56:38 10-04-24,toplist,contra.com,Google Search
16:56:38 10-04-24,toplist,dribbble.com,Google Search
16:56:38 10-04-24,toplist,medium.com,Google Search
16:56:38 10-04-24,toplist,pinksale.finance,Google Search
16:56:38 10-04-24,toplist,similarweb.com,Google Search
16:56:38 10-04-24,saved,3ezzy.finance,Google Search
16:56:38 10-04-24,saved,lanaido.com,Google Search
16:56:38 10-04-24,saved,solanapad.in,Google Search
16:56:38 10-04-24,saved,solanapod.io,Google Search
16:56:38 10-04-24,saved,experienciapublica.org,Google Search
16:56:38 10-04-24,saved,nchristina.lattehub.com,Google Search
16:56:38 10-04-24,saved,viviguru.com,Google Search
16:56:38 10-04-24,saved,yoofuel.com,Google Search
16:56:38 10-04-24,saved,iceosn.com,Google Search
16:56:38 10-04-24,saved,onlyably.com,Google Search
16:56:38 10-04-24,saved,workerast.com,Google Search
16:56:38 10-04-24,toplist,mod-lighting.com,Google Search
16:56:38 10-04-24,saved,luxlightingdecor.com,Google Search
16:56:38 10-04-24,saved,merchaverse.io,Google Search
16:56:38 10-04-24,saved,wagnerlights.com,Google Search
16:56:38 10-04-24,saved,1klearbeauty.com,Google Search
16:56:38 10-04-24,saved,33store.net,Google Search
16:56:38 10-04-24,saved,7cedb2-08.myshopify.com,Google Search
16:56:38 10-04-24,saved,algrind.com,Google Search
16:56:38 10-04-24,saved,amuni.co.uk,Google Search
16:56:38 10-04-24,saved,anothertopshop.com,Google Search
16:56:38 10-04-24,saved,barymanes.store,Google Search
16:56:38 10-04-24,saved,baylee.shop,Google Search
16:56:38 10-04-24,saved,bedtodream.com,Google Search
16:56:38 10-04-24,saved,bellyshoeshop.com,Google Search
16:56:38 10-04-24,saved,bestbuysmall.com,Google Search
16:56:38 10-04-24,saved,bestsneakers-c.shop,Google Search
16:56:38 10-04-24,saved,bestsneakers-f.shop,Google Search
16:56:38 10-04-24,saved,biliw.com,Google Search
16:56:38 10-04-24,saved,bonoch.top,Google Search
16:56:38 10-04-24,saved,buyherecod.shop,Google Search
16:56:38 10-04-24,saved,buymoredone.com,Google Search
16:56:38 10-04-24,saved,carspartsfor.com,Google Search
16:56:38 10-04-24,saved,cartply.com,Google Search
16:56:38 10-04-24,saved,cellihok.com,Google Search
16:56:38 10-04-24,saved,clothbrojy.com,Google Search
16:56:38 10-04-24,saved,clothcutetop.com,Google Search
16:56:38 10-04-24,saved,clothcutevogue.com,Google Search
16:56:38 10-04-24,saved,clotheshopp.com,Google Search
16:56:38 10-04-24,saved,clothfkkd.com,Google Search
16:56:38 10-04-24,saved,clothgoodshop.com,Google Search
16:56:38 10-04-24,saved,clothlovelytop.com,Google Search
16:56:38 10-04-24,saved,clothmallshop.com,Google Search
16:56:38 10-04-24,saved,clothsgood.com,Google Search
16:56:38 10-04-24,saved,clothshopmall.com,Google Search
16:56:38 10-04-24,saved,cofinn.com,Google Search
16:56:38 10-04-24,saved,cosmeticeu.com,Google Search
16:56:38 10-04-24,saved,cottonfau.com,Google Search
16:56:38 10-04-24,saved,currentbed.com,Google Search
16:56:38 10-04-24,saved,currentgoodshoes.com,Google Search
16:56:38 10-04-24,saved,dealnewsale.com,Google Search
16:56:38 10-04-24,saved,deraj.shop,Google Search
16:56:38 10-04-24,saved,domayed.com,Google Search
16:56:38 10-04-24,saved,electron-malls.com,Google Search
16:56:38 10-04-24,saved,electronmalls.com,Google Search
16:56:38 10-04-24,saved,ethelstudio.com,Google Search
16:56:38 10-04-24,saved,fanaticsmalls.com,Google Search
16:56:38 10-04-24,saved,fournestore.com,Google Search
16:56:38 10-04-24,saved,francxumall.com,Google Search
16:56:38 10-04-24,saved,friendlymobiles.com,Google Search
16:56:38 10-04-24,saved,geemoom.com,Google Search
16:56:38 10-04-24,saved,geheated.com,Google Search
16:56:38 10-04-24,saved,geshstore.com,Google Search
16:56:38 10-04-24,saved,glowtoskin.co.uk,Google Search
16:56:38 10-04-24,saved,handytopbag.com,Google Search
16:56:38 10-04-24,saved,hilgraph.com,Google Search
16:56:38 10-04-24,saved,humpshop.com,Google Search
16:56:38 10-04-24,saved,ibeautyfoot.com,Google Search
16:56:38 10-04-24,saved,ieveryshop.com,Google Search
16:56:38 10-04-24,saved,joygootech.com,Google Search
16:56:38 10-04-24,saved,kayeestore.com,Google Search
16:56:38 10-04-24,saved,lazapee.shop,Google Search
16:56:38 10-04-24,saved,lissonshop.com,Google Search
16:56:38 10-04-24,saved,luxcod.shop,Google Search
16:56:38 10-04-24,saved,macy-playgroundkids.com,Google Search
16:56:38 10-04-24,saved,mallautomobile.com,Google Search
16:56:38 10-04-24,saved,malloffcial.com,Google Search
16:56:38 10-04-24,saved,mallsretails.com,Google Search
16:56:38 10-04-24,saved,martssuper.com,Google Search
16:56:38 10-04-24,saved,mebata.shop,Google Search
16:56:38 10-04-24,saved,meettshoe.com,Google Search
16:56:38 10-04-24,saved,ndqhfe.top,Google Search
16:56:38 10-04-24,saved,okktoshop.com,Google Search
16:56:38 10-04-24,saved,onseleey.com,Google Search
16:56:38 10-04-24,saved,outlets-asia.shop,Google Search
16:56:38 10-04-24,saved,outletszone.online,Google Search
16:56:38 10-04-24,saved,pelcafe.com,Google Search
16:56:38 10-04-24,saved,pikaeletech.com,Google Search
16:56:38 10-04-24,saved,pikasoso.com,Google Search
16:56:38 10-04-24,saved,pussrshop.com,Google Search
16:56:38 10-04-24,saved,sayemotori.store,Google Search
16:56:38 10-04-24,saved,sharpills.com,Google Search
16:56:38 10-04-24,saved,shoeshopes.com,Google Search
16:56:38 10-04-24,saved,shoeshouses.com,Google Search
16:56:38 10-04-24,saved,shoesmalltop.com,Google Search
16:56:38 10-04-24,saved,shoestopmall.com,Google Search
16:56:38 10-04-24,saved,shopfantesi.com,Google Search
16:56:38 10-04-24,saved,sixfeetboot.com,Google Search
16:56:38 10-04-24,saved,smokedowwt.com,Google Search
16:56:38 10-04-24,saved,snkstockx.com,Google Search
16:56:38 10-04-24,saved,steinsgood.com,Google Search
16:56:38 10-04-24,saved,supermarketf.shop,Google Search
16:56:38 10-04-24,saved,szqxmall.com,Google Search
16:56:38 10-04-24,saved,thevortec.xyz,Google Search
16:56:38 10-04-24,saved,tomatovintage.com,Google Search
16:56:38 10-04-24,saved,topsvipclothes.com,Google Search
16:56:38 10-04-24,saved,ultimate-jets.net,Google Search
16:56:38 10-04-24,saved,variedbedvogue.com,Google Search
16:56:38 10-04-24,saved,voguetopdress.com,Google Search
16:56:38 10-04-24,saved,zjenerq.com,Google Search
16:56:38 10-04-24,saved,brightergloin.live,Google Search
16:56:38 10-04-24,saved,card1globinv.com,Google Search
16:56:38 10-04-24,saved,desyglopt.com,Google Search
16:56:38 10-04-24,saved,gainersoptgloin.live,Google Search
16:56:38 10-04-24,saved,globcomats.com,Google Search
16:56:38 10-04-24,saved,iqgloin.com,Google Search
16:56:38 10-04-24,saved,it-optionsl.com,Google Search
16:56:38 10-04-24,saved,metrocallproinvesent.com,Google Search
16:56:38 10-04-24,saved,optgloin.live,Google Search
16:56:38 10-04-24,saved,superlivetra.com,Google Search
16:56:38 10-04-24,saved,voskogloin.live,Google Search
17:15:10 10-04-24,whitelist,booking.com,scamadviser.com
17:15:10 10-04-24,whitelist,maxxfour.com,scamadviser.com
17:15:10 10-04-24,whitelist,ourelitehealth.com,scamadviser.com
17:15:10 10-04-24,subdomain,shop.taurus.com,stopgunscams.com
17:15:10 10-04-24,saved,autopaintsequip.com,Google Search
17:15:10 10-04-24,saved,dmrdyedbro.com,Google Search
17:15:10 10-04-24,saved,latestoutdoors.com,Google Search
17:15:10 10-04-24,saved,online-christmas.com,Google Search
17:15:10 10-04-24,saved,outletoyoy.com,Google Search
17:15:10 10-04-24,saved,saleoutdoorgear.com,Google Search
17:15:10 10-04-24,saved,thecoarsefishing.com,Google Search
17:15:10 10-04-24,saved,thestrikemaster.com,Google Search
17:15:10 10-04-24,saved,allcour.shop,Google Search
17:15:10 10-04-24,saved,micartsy.com,Google Search
17:15:10 10-04-24,saved,boangjewelrys.com,Google Search
17:15:10 10-04-24,saved,newkidsinc.com,Google Search
17:15:10 10-04-24,saved,rdljewels.com,Google Search
17:15:10 10-04-24,saved,2mtecom.us,Google Search
17:15:10 10-04-24,saved,bigdasport.com,Google Search
17:15:10 10-04-24,saved,bulto.online,Google Search
17:15:10 10-04-24,saved,nuttines.store,Google Search
17:15:10 10-04-24,saved,trendinguniform.com,Google Search
17:15:10 10-04-24,saved,undersimply.com,Google Search
17:15:10 10-04-24,saved,winzox.co,Google Search
17:15:10 10-04-24,saved,bearsmakemehappy.com,Google Search
17:15:10 10-04-24,saved,enhancehomesupply.com,Google Search
17:15:10 10-04-24,saved,giftitalk.com,Google Search
17:15:10 10-04-24,saved,greenerygadget.com,Google Search
17:15:10 10-04-24,saved,sharksculpt.com,Google Search
17:15:10 10-04-24,saved,trendyygift.com,Google Search
17:15:10 10-04-24,saved,vs95off.com,Google Search
17:15:10 10-04-24,saved,bxmegahub.com,Google Search
17:15:10 10-04-24,saved,premiumlegaltrade.com,Google Search
17:15:10 10-04-24,whitelist,aamc.org,Google Search
17:15:10 10-04-24,whitelist,foodhallen.nl,Google Search
17:15:10 10-04-24,whitelist,forum.obsidian.md,Google Search
17:15:10 10-04-24,whitelist,lipsum.com,Google Search
17:15:10 10-04-24,tld,dpw.vi.gov,Google Search
17:15:10 10-04-24,saved,jadepierce.com,Google Search
17:15:10 10-04-24,saved,theinvictusclinic.com,Google Search
17:15:10 10-04-24,saved,turmericvictoria.com,Google Search
17:15:10 10-04-24,saved,suibl.com,Google Search
17:15:10 10-04-24,saved,aquaaccent.com,Google Search
17:15:10 10-04-24,saved,barchin.store,Google Search
17:15:10 10-04-24,saved,canvascare.in,Google Search
17:15:10 10-04-24,saved,coolnberry.com,Google Search
17:15:10 10-04-24,saved,cozy-chick.com,Google Search
17:15:10 10-04-24,saved,fashnestaccessories.com,Google Search
17:15:10 10-04-24,saved,fegovo.com,Google Search
17:15:10 10-04-24,saved,fluffyshopping.com,Google Search
17:15:10 10-04-24,saved,giftcraftershub.com,Google Search
17:15:10 10-04-24,saved,homeculinaryhub.com,Google Search
17:15:10 10-04-24,saved,knb-shop.com,Google Search
17:15:10 10-04-24,saved,munzistore.com,Google Search
17:15:10 10-04-24,saved,prachamall.com,Google Search
17:15:10 10-04-24,saved,woofydogdeals.com,Google Search
17:15:10 10-04-24,whitelist,about.me,Google Search
17:15:10 10-04-24,toplist,mod-lighting.com,Google Search
17:24:20 10-04-24,blacklist,mod-lighting.com,Google Search
17:24:20 10-04-24,saved,mod-lighting.com,Google Search
18:24:06 10-04-24,parked,1stadvantagefederalcreditunion.com,raw
18:24:06 10-04-24,parked,247premium.com,raw
18:24:06 10-04-24,parked,33store.net,raw
18:24:06 10-04-24,parked,420calibud.com,raw
18:24:06 10-04-24,parked,674985034.myshoplaza.com,raw
18:24:06 10-04-24,parked,9mm-ammoforsale.com,raw
18:24:06 10-04-24,parked,ace-petexpress.com,raw
18:24:06 10-04-24,parked,adaco-maschinentechnik.de,raw
18:24:06 10-04-24,parked,adblockenterpriseedition.pro,raw
18:24:06 10-04-24,parked,adgtchemicals.com,raw
18:24:06 10-04-24,parked,adnoclae.com,raw
18:24:06 10-04-24,parked,affiliatemarketingvictory.com,raw
18:24:06 10-04-24,parked,agro-funds.com,raw
18:24:06 10-04-24,parked,aiglobalmarketingagency.com,raw
18:24:06 10-04-24,parked,al-mahafinancial.com,raw
18:24:06 10-04-24,parked,aldoschuhe.de,raw
18:24:06 10-04-24,parked,ali-trading.com,raw
18:24:06 10-04-24,parked,all-daydiplomaticcourier.com,raw
18:24:06 10-04-24,parked,allsparepartsforsale.com,raw
18:24:06 10-04-24,parked,alphamarketing.store,raw
18:24:06 10-04-24,parked,amazingpuppyshop.com,raw
18:24:06 10-04-24,parked,americanakitapupy.store,raw
18:24:06 10-04-24,parked,americantiktok.net,raw
18:24:06 10-04-24,parked,ammarketing.net,raw
18:24:06 10-04-24,parked,ammosales-usa.com,raw
18:24:06 10-04-24,parked,ammunitiononline.com,raw
18:24:06 10-04-24,parked,amofugroupholdings.com,raw
18:24:06 10-04-24,parked,anclearance.store,raw
18:24:06 10-04-24,parked,anissti.com,raw
18:24:06 10-04-24,parked,aplle.shop,raw
18:24:06 10-04-24,parked,apole.top,raw
18:24:06 10-04-24,parked,armysos-ukraine.com,raw
18:24:06 10-04-24,parked,ashlandinvestments.com,raw
18:24:06 10-04-24,parked,auctionchemstore.com,raw
18:24:06 10-04-24,parked,austinsnugglers.com,raw
18:24:06 10-04-24,parked,avafxtradez.online,raw
18:24:06 10-04-24,parked,avdigital.marketing,raw
18:24:06 10-04-24,parked,balancingmotorcycleinsurance.com,raw
18:24:06 10-04-24,parked,ban-kubs.com,raw
18:24:06 10-04-24,parked,banknoteagency.com,raw
18:24:06 10-04-24,parked,baylee.shop,raw
18:24:06 10-04-24,parked,bcfscbnk.com,raw
18:24:06 10-04-24,parked,bedbathandofficial.shop,raw
18:24:06 10-04-24,parked,beruitscotplc.com,raw
18:24:06 10-04-24,parked,best.floorcleaners.com,raw
18:24:06 10-04-24,parked,bestbuysmall.com,raw
18:24:06 10-04-24,parked,bestestheticonlinesupply.com,raw
18:24:06 10-04-24,parked,beutyful312.com,raw
18:24:06 10-04-24,parked,beyondbcontainers.com,raw
18:24:06 10-04-24,parked,bike-shop-market.com,raw
18:24:06 10-04-24,parked,bilibili.mom,raw
18:24:06 10-04-24,parked,binancewalletsecurity.com,raw
18:24:06 10-04-24,parked,birdsnestpremium.com,raw
18:24:06 10-04-24,parked,bitcoin5.xyz,raw
18:24:06 10-04-24,parked,bitcoinetwork.xyz,raw
18:24:06 10-04-24,parked,bitcoinfund.investments,raw
18:24:06 10-04-24,parked,bitcoingame.info,raw
18:24:06 10-04-24,parked,bitcoinman.org,raw
18:24:06 10-04-24,parked,bitcoint1.com,raw
18:24:06 10-04-24,parked,bitcoinwin.info,raw
18:24:06 10-04-24,parked,blbestluxury.site,raw
18:24:06 10-04-24,parked,bluestarcolog.com,raw
18:24:06 10-04-24,parked,bnk-mail.online,raw
18:24:06 10-04-24,parked,boc.investments,raw
18:24:06 10-04-24,parked,boi.investments,raw
18:24:06 10-04-24,parked,bonoch.top,raw
18:24:06 10-04-24,parked,brookslabradorretrievers.com,raw
18:24:06 10-04-24,parked,bulkammoforsales.com,raw
18:24:06 10-04-24,parked,bulkcheapammoforsale.com,raw
18:24:06 10-04-24,parked,bulkpriceshipping.com,raw
18:24:06 10-04-24,parked,buttermano.com,raw
18:24:06 10-04-24,parked,buy.ammunitiononline.com,raw
18:24:06 10-04-24,parked,bwjamesongunshop.com,raw
18:24:06 10-04-24,parked,c-maratta-swap.com,raw
18:24:06 10-04-24,parked,canvascare.in,raw
18:24:06 10-04-24,parked,cargoshippingcenter.com,raw
18:24:06 10-04-24,parked,cash.delivery,raw
18:24:06 10-04-24,parked,catfreight.com,raw
18:24:06 10-04-24,parked,chatgp.net,raw
18:24:06 10-04-24,parked,chatgpt4.top,raw
18:24:06 10-04-24,parked,choolaah.delivery,raw
18:24:06 10-04-24,parked,citicastletrust.com,raw
18:24:06 10-04-24,parked,ckonlinesale.store,raw
18:24:06 10-04-24,parked,classicgunzandammo.com,raw
18:24:06 10-04-24,parked,clearance.wtf,raw
18:24:06 10-04-24,parked,clearancecollect.com,raw
18:24:06 10-04-24,parked,clickadvantagemarketing.com,raw
18:24:06 10-04-24,parked,coldwalletonline.com,raw
18:24:06 10-04-24,parked,container-one.org,raw
18:24:06 10-04-24,parked,contentmarketing.expert,raw
18:24:06 10-04-24,parked,cooagent.com,raw
18:24:06 10-04-24,parked,corgipets.com,raw
18:24:06 10-04-24,parked,counroshop.top,raw
18:24:06 10-04-24,parked,counterfeitsbills.org,raw
18:24:06 10-04-24,parked,couriercomet.com,raw
18:24:06 10-04-24,parked,credencecapitalogistics.com,raw
18:24:06 10-04-24,parked,crloutletonline.online,raw
18:24:06 10-04-24,parked,croutletau.store,raw
18:24:06 10-04-24,parked,crowd-miningltd.com,raw
18:24:06 10-04-24,parked,crudxpress.com,raw
18:24:06 10-04-24,parked,crustock.com,raw
18:24:06 10-04-24,parked,cryptocurrencybtx.com,raw
18:24:06 10-04-24,parked,dabbsdispensary.shop,raw
18:24:06 10-04-24,parked,dachshundfamilypups.com,raw
18:24:06 10-04-24,parked,danwessonfirearmsusa.com,raw
18:24:06 10-04-24,parked,darkmarketsales.com,raw
18:24:06 10-04-24,parked,dav-e.com,raw
18:24:06 10-04-24,parked,dbsbk.com,raw
18:24:06 10-04-24,parked,dealersnwheels.com,raw
18:24:06 10-04-24,parked,dealnewsale.com,raw
18:24:06 10-04-24,parked,dealsanddiscounts2023.com,raw
18:24:06 10-04-24,parked,deandevelo.com,raw
18:24:06 10-04-24,parked,debica-reifen.de,raw
18:24:06 10-04-24,parked,delanelpuppykennel.co.za,raw
18:24:06 10-04-24,parked,delivery-orders.com,raw
18:24:06 10-04-24,parked,delson.de,raw
18:24:06 10-04-24,parked,demadeal.com,raw
18:24:06 10-04-24,parked,demagoldies.com,raw
18:24:06 10-04-24,parked,dependabledeliveryservices.com,raw
18:24:06 10-04-24,parked,dermabuzz.com,raw
18:24:06 10-04-24,parked,desigualforsale.shop,raw
18:24:06 10-04-24,parked,desigualforsale.vip,raw
18:24:06 10-04-24,parked,deutscherfuhrerscheins.com,raw
18:24:06 10-04-24,parked,dezamall.com,raw
18:24:06 10-04-24,parked,diamonddobermanpuppies.com,raw
18:24:06 10-04-24,parked,digimoneymarketing.com,raw
18:24:06 10-04-24,parked,digital-marketing.pro,raw
18:24:06 10-04-24,parked,digitalmarketing.wine,raw
18:24:06 10-04-24,parked,digitalmarketingforartists.com,raw
18:24:06 10-04-24,parked,discountsunglasses.shop,raw
18:24:06 10-04-24,parked,dobermanskennel.com,raw
18:24:06 10-04-24,parked,doflos.com,raw
18:24:06 10-04-24,parked,domaindiscount24.community,raw
18:24:06 10-04-24,parked,donxyunc.store,raw
18:24:06 10-04-24,parked,door2doordelivery.co.za,raw
18:24:06 10-04-24,parked,dorispuppiesfarm.krdes.net.in,raw
18:24:06 10-04-24,parked,dove.delivery,raw
18:24:06 10-04-24,parked,dr-healing.com,raw
18:24:06 10-04-24,parked,dreamchaserexotic.com,raw
18:24:06 10-04-24,parked,e-bikeexperten.de,raw
18:24:06 10-04-24,parked,eby.life,raw
18:24:06 10-04-24,parked,ecoppa.com,raw
18:24:06 10-04-24,parked,edenmarketingintelligence.com,raw
18:24:06 10-04-24,parked,einsurancehealthfinder.com,raw
18:24:06 10-04-24,parked,empireglobalexpressdelivery.com,raw
18:24:06 10-04-24,parked,enixusmarketing.com,raw
18:24:06 10-04-24,parked,etchguer.com,raw
18:24:06 10-04-24,parked,euronicss.com,raw
18:24:06 10-04-24,parked,euronicsservices.de,raw
18:24:06 10-04-24,parked,europabestellung.nl,raw
18:24:06 10-04-24,parked,everlead.net,raw
18:24:06 10-04-24,parked,exnow.com,raw
18:24:06 10-04-24,parked,expertexpressshipping.com,raw
18:24:06 10-04-24,parked,fairfaxvirginiahomesforsale.com,raw
18:24:06 10-04-24,parked,familyinsuranceclub.com,raw
18:24:06 10-04-24,parked,familyraiseditaliangreyhoundpuppies.com,raw
18:24:06 10-04-24,parked,familyraisedsiamesekittens.com,raw
18:24:06 10-04-24,parked,fashwomen.in,raw
18:24:06 10-04-24,parked,fastclockllc.com,raw
18:24:06 10-04-24,parked,fastprivatekeyrecovery.com,raw
18:24:06 10-04-24,parked,fasttracksshipping.com,raw
18:24:06 10-04-24,parked,fegovo.com,raw
18:24:06 10-04-24,parked,filippoalpi-official.com,raw
18:24:06 10-04-24,parked,firearmandammunition.com,raw
18:24:06 10-04-24,parked,firearmsshop.store,raw
18:24:06 10-04-24,parked,firstafrob.com,raw
18:24:06 10-04-24,parked,firstfreightcargo.com,raw
18:24:06 10-04-24,parked,florentinomarketing.com,raw
18:24:06 10-04-24,parked,follyinvestments.co.uk,raw
18:24:06 10-04-24,parked,forexguideinsurance.com,raw
18:24:06 10-04-24,parked,frankonia.waffen.com,raw
18:24:06 10-04-24,parked,frenchbulldog.world,raw
18:24:06 10-04-24,parked,fresher-official.com,raw
18:24:06 10-04-24,parked,friendlymobiles.com,raw
18:24:06 10-04-24,parked,frigopack-logistics.com,raw
18:24:06 10-04-24,parked,furkidsanimaltravels.com,raw
18:24:06 10-04-24,parked,gaalakart.com,raw
18:24:06 10-04-24,parked,garten-steckby.de,raw
18:24:06 10-04-24,parked,gartenrasen.com,raw
18:24:06 10-04-24,parked,gearheadengineers.org,raw
18:24:06 10-04-24,parked,getgams.com,raw
18:24:06 10-04-24,parked,gfarmhousesupply.com,raw
18:24:06 10-04-24,parked,giftbox.delivery,raw
18:24:06 10-04-24,parked,gjmainecoonkittys.com,raw
18:24:06 10-04-24,parked,globalcourriershipping.com,raw
18:24:06 10-04-24,parked,globalexpresscourierservice.com,raw
18:24:06 10-04-24,parked,globallogisticcarrier.com,raw
18:24:06 10-04-24,parked,globalpaw.co.za,raw
18:24:06 10-04-24,parked,globalpsychedeliccoalition.com,raw
18:24:06 10-04-24,parked,goodhelpinghandspharmacy.com,raw
18:24:06 10-04-24,parked,goodshoescheap.com,raw
18:24:06 10-04-24,parked,google-analyticsb.com,raw
18:24:06 10-04-24,parked,google-analyticsc.com,raw
18:24:06 10-04-24,parked,google-analyticsclc.top,raw
18:24:06 10-04-24,parked,gosamall.com,raw
18:24:06 10-04-24,parked,governmentmedicalinsurance.com,raw
18:24:06 10-04-24,parked,gracegoldendoodlepuppies.info,raw
18:24:06 10-04-24,parked,grandcooperatesourcing.com,raw
18:24:06 10-04-24,parked,grollypay.com,raw
18:24:06 10-04-24,parked,growfundsfx.com,raw
18:24:06 10-04-24,parked,guitarcenters.live,raw
18:24:06 10-04-24,parked,gutbutzow.de,raw
18:24:06 10-04-24,parked,guul-truckingllc.com,raw
18:24:06 10-04-24,parked,healthinsurance.mom,raw
18:24:06 10-04-24,parked,healthypurebredhome.com,raw
18:24:06 10-04-24,parked,heclamining-investment.com,raw
18:24:06 10-04-24,parked,hentaiera.fr,raw
18:24:06 10-04-24,parked,hentaisteca.net,raw
18:24:06 10-04-24,parked,hentaitoys.fr,raw
18:24:06 10-04-24,parked,highcityexpresscourier.com,raw
18:24:06 10-04-24,parked,hirotec-japan.com,raw
18:24:06 10-04-24,parked,hkguns.shop,raw
18:24:06 10-04-24,parked,homeculinaryhub.com,raw
18:24:06 10-04-24,parked,homeofdestinedpuppies.com,raw
18:24:06 10-04-24,parked,homesforsaleatlantaga.com,raw
18:24:06 10-04-24,parked,hopemainecoonkittens.com,raw
18:24:06 10-04-24,parked,houseofcanecorso.com,raw
18:24:06 10-04-24,parked,humanoidrobotsforsale.com,raw
18:24:06 10-04-24,parked,hwrlslogistics.com,raw
18:24:06 10-04-24,parked,hydefieco.com,raw
18:24:06 10-04-24,parked,idssec.com,raw
18:24:06 10-04-24,parked,illuminatiammembership.com,raw
18:24:06 10-04-24,parked,illuminatiofficialsite.com,raw
18:24:06 10-04-24,parked,imarketing.shop,raw
18:24:06 10-04-24,parked,imfus.org,raw
18:24:06 10-04-24,parked,imperialbullies.com,raw
18:24:06 10-04-24,parked,indexcapitaltradelive.com,raw
18:24:06 10-04-24,parked,infiniteroyallimited.com,raw
18:24:06 10-04-24,parked,insane.marketing,raw
18:24:06 10-04-24,parked,investama92.com,raw
18:24:06 10-04-24,parked,jacobs-reifenhandel.com,raw
18:24:06 10-04-24,parked,jasonarms.com,raw
18:24:06 10-04-24,parked,jdlogisticscourier.com,raw
18:24:06 10-04-24,parked,jdssporty.com,raw
18:24:06 10-04-24,parked,jernions.com,raw
18:24:06 10-04-24,parked,jonespuppybreeder.com,raw
18:24:06 10-04-24,parked,juaanpaperindustry.com,raw
18:24:06 10-04-24,parked,kabodlogistic.com,raw
18:24:06 10-04-24,parked,karisshop.com,raw
18:24:06 10-04-24,parked,kassiemin.com,raw
18:24:06 10-04-24,parked,kastking.store,raw
18:24:06 10-04-24,parked,katanaswordsforsale.com,raw
18:24:06 10-04-24,parked,katelynsuttonpuppies.com,raw
18:24:06 10-04-24,parked,kathmandu.deals,raw
18:24:06 10-04-24,parked,kelivinarthurbarristersssociates.com,raw
18:24:06 10-04-24,parked,kinean.online,raw
18:24:06 10-04-24,parked,kinnestorage.com,raw
18:24:06 10-04-24,parked,kirk.forsale,raw
18:24:06 10-04-24,parked,kittenfarm.krdes.net.in,raw
18:24:06 10-04-24,parked,kolar-marketing.com,raw
18:24:06 10-04-24,parked,kpo-worldwide.com,raw
18:24:06 10-04-24,parked,krdes.net.in,raw
18:24:06 10-04-24,parked,laege-medecin.com,raw
18:24:06 10-04-24,parked,lapadeal.com,raw
18:24:06 10-04-24,parked,leobernlawfirm.com,raw
18:24:06 10-04-24,parked,letsgo.marketing,raw
18:24:06 10-04-24,parked,linpugs.com,raw
18:24:06 10-04-24,parked,littleluxeloft.com,raw
18:24:06 10-04-24,parked,liveminingpro-trades.com,raw
18:24:06 10-04-24,parked,liveresindisposable.com,raw
18:24:06 10-04-24,parked,lknzmzd.com,raw
18:24:06 10-04-24,parked,loginmicrosoftsecure.com,raw
18:24:06 10-04-24,parked,logistica.online,raw
18:24:06 10-04-24,parked,logistics.today,raw
18:24:06 10-04-24,parked,logisticsauto.com,raw
18:24:06 10-04-24,parked,logisticsdekho.com,raw
18:24:06 10-04-24,parked,lostmary-vape.com,raw
18:24:06 10-04-24,parked,lovefashiion.com,raw
18:24:06 10-04-24,parked,lse.investments,raw
18:24:06 10-04-24,parked,luckylarus.com,raw
18:24:06 10-04-24,parked,luckypoodlespuphome.com,raw
18:24:06 10-04-24,parked,luxuryexoticextensions.com,raw
18:24:06 10-04-24,parked,lynahome.com,raw
18:24:06 10-04-24,parked,macy-playgroundkids.com,raw
18:24:06 10-04-24,parked,maltesepuppies.net,raw
18:24:06 10-04-24,parked,malteserorden.com,raw
18:24:06 10-04-24,parked,mariodachshundbreeders.com,raw
18:24:06 10-04-24,parked,marketfy.de,raw
18:24:06 10-04-24,parked,marketing9tactics.com,raw
18:24:06 10-04-24,parked,marketingdesign.org,raw
18:24:06 10-04-24,parked,marketingforemails.com,raw
18:24:06 10-04-24,parked,marketingmiracles.net,raw
18:24:06 10-04-24,parked,marketingplus.digital,raw
18:24:06 10-04-24,parked,masingalogistics.com,raw
18:24:06 10-04-24,parked,mastercardbot.com,raw
18:24:06 10-04-24,parked,maxstandardplc.com,raw
18:24:06 10-04-24,parked,mebata.shop,raw
18:24:06 10-04-24,parked,mechpromining.com,raw
18:24:06 10-04-24,parked,medsforsyninger.com,raw
18:24:06 10-04-24,parked,mega-mall-of-america.com,raw
18:24:06 10-04-24,parked,megahood.de,raw
18:24:06 10-04-24,parked,megammosupply.com,raw
18:24:06 10-04-24,parked,melvillestylee.com,raw
18:24:06 10-04-24,parked,memecointrade.com,raw
18:24:06 10-04-24,parked,mendozabitcoin.com,raw
18:24:06 10-04-24,parked,merasaghar.com,raw
18:24:06 10-04-24,parked,merrellclearance.store,raw
18:24:06 10-04-24,parked,metabanking.net,raw
18:24:06 10-04-24,parked,mh-garten24.de,raw
18:24:06 10-04-24,parked,mhmarketing.net,raw
18:24:06 10-04-24,parked,micrsoft.org,raw
18:24:06 10-04-24,parked,midlineshippinglogistic.com,raw
18:24:06 10-04-24,parked,mikedoodlepups.com,raw
18:24:06 10-04-24,parked,mindchatgpt.com,raw
18:24:06 10-04-24,parked,miniaturepinpups.com,raw
18:24:06 10-04-24,parked,miniaturepinpupshome.com,raw
18:24:06 10-04-24,parked,mining.bio,raw
18:24:06 10-04-24,parked,miningofen.com,raw
18:24:06 10-04-24,parked,miningtradex.com,raw
18:24:06 10-04-24,parked,mixerie.de,raw
18:24:06 10-04-24,parked,mjfinsurance.com,raw
18:24:06 10-04-24,parked,mossberggunstore.com,raw
18:24:06 10-04-24,parked,mousavipugpuppies.com,raw
18:24:06 10-04-24,parked,mybitcoin.life,raw
18:24:06 10-04-24,parked,mydiscountfitness.com,raw
18:24:06 10-04-24,parked,myshoplaza.com,raw
18:24:06 10-04-24,parked,mystiquemode.com,raw
18:24:06 10-04-24,parked,mytiktokclips.com,raw
18:24:06 10-04-24,parked,mytiktokusa.com,raw
18:24:06 10-04-24,parked,namomall.com,raw
18:24:06 10-04-24,parked,neogreencon.com,raw
18:24:06 10-04-24,parked,netflixx.info,raw
18:24:06 10-04-24,parked,netgoldmine.com,raw
18:24:06 10-04-24,parked,newalian.com,raw
18:24:06 10-04-24,parked,nftseahub.com,raw
18:24:06 10-04-24,parked,ngangsishorthairkittens.com,raw
18:24:06 10-04-24,parked,noblecarrots.com,raw
18:24:06 10-04-24,parked,nomaw.de,raw
18:24:06 10-04-24,parked,northknightmarketing.com,raw
18:24:06 10-04-24,parked,northwoodsprivateassets.com,raw
18:24:06 10-04-24,parked,nplmarketing.com,raw
18:24:06 10-04-24,parked,octaprimerx.com,raw
18:24:06 10-04-24,parked,official-flexiflask.com,raw
18:24:06 10-04-24,parked,officialartlavish.store,raw
18:24:06 10-04-24,parked,officialcurvey.com,raw
18:24:06 10-04-24,parked,officialshop.net,raw
18:24:06 10-04-24,parked,olexdistribution.com,raw
18:24:06 10-04-24,parked,omabrennholz.com,raw
18:24:06 10-04-24,parked,oneericchenofficial.com,raw
18:24:06 10-04-24,parked,onestoreoutlet.org,raw
18:24:06 10-04-24,parked,onfreightlogistic.com,raw
18:24:06 10-04-24,parked,onlinesale2022.ru,raw
18:24:06 10-04-24,parked,onlyfans.quest,raw
18:24:06 10-04-24,parked,open-ai.store,raw
18:24:06 10-04-24,parked,opticsandammo.com,raw
18:24:06 10-04-24,parked,ousell.com,raw
18:24:06 10-04-24,parked,outlet-ralph.com,raw
18:24:06 10-04-24,parked,outletokestok.online,raw
18:24:06 10-04-24,parked,outlets.live,raw
18:24:06 10-04-24,parked,pawskennelau.com,raw
18:24:06 10-04-24,parked,pelicnstatecreditunion.com,raw
18:24:06 10-04-24,parked,petsexpresslogistics.com,raw
18:24:06 10-04-24,parked,pflslogistics.com,raw
18:24:06 10-04-24,parked,pharmaperial.com,raw
18:24:06 10-04-24,parked,phero007.shop,raw
18:24:06 10-04-24,parked,pikonspzoo.com,raw
18:24:06 10-04-24,parked,polariscointrade.exchange,raw
18:24:06 10-04-24,parked,pomeworldwide.us,raw
18:24:06 10-04-24,parked,pornhub.monster,raw
18:24:06 10-04-24,parked,powerofpsychedelic.com,raw
18:24:06 10-04-24,parked,preciousbasset.com,raw
18:24:06 10-04-24,parked,premeirtrustbk.com,raw
18:24:06 10-04-24,parked,premiumauctions.online,raw
18:24:06 10-04-24,parked,premiumautocarparts.com,raw
18:24:06 10-04-24,parked,premiumproductsinc.net,raw
18:24:06 10-04-24,parked,primefirearms.net,raw
18:24:06 10-04-24,parked,proficientbuildersltd.com,raw
18:24:06 10-04-24,parked,promocaoadidas.online,raw
18:24:06 10-04-24,parked,puppyville.dog,raw
18:24:06 10-04-24,parked,qatari.investments,raw
18:24:06 10-04-24,parked,qmail.store,raw
18:24:06 10-04-24,parked,rad-xpert.de,raw
18:24:06 10-04-24,parked,raleighmarketingagency.com,raw
18:24:06 10-04-24,parked,rapidvault.top,raw
18:24:06 10-04-24,parked,realmetatradar5.net,raw
18:24:06 10-04-24,parked,reohomesforsale.com,raw
18:24:06 10-04-24,parked,reptilesuniverse.com,raw
18:24:06 10-04-24,parked,reusmarketingmanagement.com,raw
18:24:06 10-04-24,parked,revzilla7.com,raw
18:24:06 10-04-24,parked,rex.delivery,raw
18:24:06 10-04-24,parked,rockstarpoodlehome.com,raw
18:24:06 10-04-24,parked,royaldobermancreek.com,raw
18:24:06 10-04-24,parked,rstadspa.com,raw
18:24:06 10-04-24,parked,sabermall.com,raw
18:24:06 10-04-24,parked,saintbernardcreek.com,raw
18:24:06 10-04-24,parked,salandspuppies.co.za,raw
18:24:06 10-04-24,parked,satoshibitcoin.info,raw
18:24:06 10-04-24,parked,seasongca.com,raw
18:24:06 10-04-24,parked,securetagsexpress.org,raw
18:24:06 10-04-24,parked,shareadeals.com,raw
18:24:06 10-04-24,parked,shashlik-premium.store,raw
18:24:06 10-04-24,parked,shippingcentrallogistics.com,raw
18:24:06 10-04-24,parked,shoesupplyofficial.com,raw
18:24:06 10-04-24,parked,shop6.onlinesale2022.ru,raw
18:24:06 10-04-24,parked,shopee.bet,raw
18:24:06 10-04-24,parked,shopee.store,raw
18:24:06 10-04-24,parked,shopeo.org,raw
18:24:06 10-04-24,parked,shoptopgunsnow.com,raw
18:24:06 10-04-24,parked,siebarib.com,raw
18:24:06 10-04-24,parked,signal.makeup,raw
18:24:06 10-04-24,parked,skyfundunion.com,raw
18:24:06 10-04-24,parked,slimfastofficial.com,raw
18:24:06 10-04-24,parked,smartdoodles4adoption.com,raw
18:24:06 10-04-24,parked,softlifedropshipping.com,raw
18:24:06 10-04-24,parked,sonnysfurnitureoutlet.com,raw
18:24:06 10-04-24,parked,spankbang.wtf,raw
18:24:06 10-04-24,parked,sphynskittensforsale.com,raw
18:24:06 10-04-24,parked,sphynxhairlesscats.com,raw
18:24:06 10-04-24,parked,sportsmansreloads.com,raw
18:24:06 10-04-24,parked,srsmotorsports.shop,raw
18:24:06 10-04-24,parked,ssense.vip,raw
18:24:06 10-04-24,parked,stanleycontainers.com,raw
18:24:06 10-04-24,parked,statesbulkammoforsale.com,raw
18:24:06 10-04-24,parked,stndd.com,raw
18:24:06 10-04-24,parked,stockgainfx.com,raw
18:24:06 10-04-24,parked,suibl.com,raw
18:24:06 10-04-24,parked,summercorgi.com,raw
18:24:06 10-04-24,parked,summit.marketing,raw
18:24:06 10-04-24,parked,superiorsharpei.com,raw
18:24:06 10-04-24,parked,suppercurrency.com,raw
18:24:06 10-04-24,parked,supperfieldfirearmsupply.com,raw
18:24:06 10-04-24,parked,svcoin.space,raw
18:24:06 10-04-24,parked,swiftwaygloballogistics.com,raw
18:24:06 10-04-24,parked,tacticalbeards.shop,raw
18:24:06 10-04-24,parked,tacticalboatbag.com,raw
18:24:06 10-04-24,parked,tapexpresscargo.com,raw
18:24:06 10-04-24,parked,tapnfuck.com,raw
18:24:06 10-04-24,parked,tashiplogistics.net,raw
18:24:06 10-04-24,parked,tatadelivery.com,raw
18:24:06 10-04-24,parked,tdbwestbank.com,raw
18:24:06 10-04-24,parked,tender.fit,raw
18:24:06 10-04-24,parked,terunami.shop,raw
18:24:06 10-04-24,parked,texasfirearmco.com,raw
18:24:06 10-04-24,parked,thccartsdispensary.site,raw
18:24:06 10-04-24,parked,theexoticfruitsmarket.com,raw
18:24:06 10-04-24,parked,theofficialmomsclub.com,raw
18:24:06 10-04-24,parked,theoregongolfcart.com,raw
18:24:06 10-04-24,parked,thesphynxparadise.com,raw
18:24:06 10-04-24,parked,thevortec.xyz,raw
18:24:06 10-04-24,parked,tickteclogisticsservice.com,raw
18:24:06 10-04-24,parked,tiktok-center.com,raw
18:24:06 10-04-24,parked,tiktokappusa.net,raw
18:24:06 10-04-24,parked,tiktokbiz.net,raw
18:24:06 10-04-24,parked,tiktokfaq.com,raw
18:24:06 10-04-24,parked,tiktokus.app,raw
18:24:06 10-04-24,parked,tiktokusa.info,raw
18:24:06 10-04-24,parked,tiktokusaapp.com,raw
18:24:06 10-04-24,parked,tmcsale.net,raw
18:24:06 10-04-24,parked,tnt.marketing,raw
18:24:06 10-04-24,parked,tonypitbullpuppiesforsale.com,raw
18:24:06 10-04-24,parked,topnotchcigarsshop.com,raw
18:24:06 10-04-24,parked,tradingfinnexoptions.com,raw
18:24:06 10-04-24,parked,travano.de,raw
18:24:06 10-04-24,parked,trippygalaxyvibe.com,raw
18:24:06 10-04-24,parked,tropianoinsurance.com,raw
18:24:06 10-04-24,parked,trustcore.click,raw
18:24:06 10-04-24,parked,tulipstransport.com,raw
18:24:06 10-04-24,parked,uccourierguaranteeservice.com,raw
18:24:06 10-04-24,parked,ultrasafemovers.com,raw
18:24:06 10-04-24,parked,unecadept.org,raw
18:24:06 10-04-24,parked,uniquessdchemicalsolution.com,raw
18:24:06 10-04-24,parked,usa-millitary.com,raw
18:24:06 10-04-24,parked,usaglock.com,raw
18:24:06 10-04-24,parked,usbancorprivatebanking.com,raw
18:24:06 10-04-24,parked,usp.investments,raw
18:24:06 10-04-24,parked,usps-stamponline.com,raw
18:24:06 10-04-24,parked,usps-stampssale.com,raw
18:24:06 10-04-24,parked,valentyofficial.com,raw
18:24:06 10-04-24,parked,vedex.net,raw
18:24:06 10-04-24,parked,velvettrustonline.com,raw
18:24:06 10-04-24,parked,vexjex.cc,raw
18:24:06 10-04-24,parked,virallstore.com,raw
18:24:06 10-04-24,parked,vivobarefootstore.online,raw
18:24:06 10-04-24,parked,web-telegram.xyz,raw
18:24:06 10-04-24,parked,wechat.beauty,raw
18:24:06 10-04-24,parked,westcoastammo-arms.com,raw
18:24:06 10-04-24,parked,wesybuy.com,raw
18:24:06 10-04-24,parked,whatsgood.delivery,raw
18:24:06 10-04-24,parked,whitmanlabs.com,raw
18:24:06 10-04-24,parked,winkler-elektronik.de,raw
18:24:06 10-04-24,parked,wise.delivery,raw
18:24:06 10-04-24,parked,worldwide-organization.com,raw
18:24:06 10-04-24,parked,worldwideroar.com,raw
18:24:06 10-04-24,parked,wtass.com,raw
18:24:06 10-04-24,parked,wwwmangooutlet.com,raw
18:24:06 10-04-24,parked,xn--microsft-r3a.net,raw
18:24:06 10-04-24,parked,yeezy-ye.com,raw
18:24:06 10-04-24,parked,yokclick.com,raw
18:24:06 10-04-24,parked,yunrock.com,raw
18:24:06 10-04-24,parked,zabinmall.com,raw
18:24:06 10-04-24,parked,zakutegift.com,raw
18:24:06 10-04-24,parked,zapastores.com,raw
18:24:06 10-04-24,parked,zaresales.com,raw
18:24:06 10-04-24,parked,zindalo.com,raw
18:24:06 10-04-24,parked,zinhuis.com,raw
18:24:06 10-04-24,parked,zivmax.com,raw
18:24:06 10-04-24,parked,zizoinsuranceagency.com,raw
18:24:06 10-04-24,parked,zoravip.com,raw
18:30:18 10-04-24,unparked,110marketingagency.com,parked_domains_file
18:30:18 10-04-24,unparked,accesstrades247.com,parked_domains_file
18:30:18 10-04-24,unparked,accordpharmaceuticals.com,parked_domains_file
18:30:18 10-04-24,unparked,adasmining.tech,parked_domains_file
18:30:18 10-04-24,unparked,agrifinanceonline.com,parked_domains_file
18:30:18 10-04-24,unparked,amazingmainecoonkittens.com,parked_domains_file
18:30:18 10-04-24,unparked,aromakingofficialstore.com,parked_domains_file
18:30:18 10-04-24,unparked,autoxpedia.com,parked_domains_file
18:30:18 10-04-24,unparked,bankofamjerica.com,parked_domains_file
18:30:18 10-04-24,unparked,bawnkofamerica.com,parked_domains_file
18:30:18 10-04-24,unparked,benttreemarketing.com,parked_domains_file
18:30:18 10-04-24,unparked,bestoffersoutlet.shop,parked_domains_file
18:30:18 10-04-24,unparked,bigdillexoticsnacks.com,parked_domains_file
18:30:18 10-04-24,unparked,birkenstocke.com,parked_domains_file
18:30:18 10-04-24,unparked,bitcoincrypto.in,parked_domains_file
18:30:18 10-04-24,unparked,bitcoinpay.co.uk,parked_domains_file
18:30:18 10-04-24,unparked,bitcointech.support,parked_domains_file
18:30:18 10-04-24,unparked,bklogistics.co,parked_domains_file
18:30:18 10-04-24,unparked,blacktop.marketing,parked_domains_file
18:30:18 10-04-24,unparked,bluepeaklogistics.com,parked_domains_file
18:30:18 10-04-24,unparked,bobsolar.co.za,parked_domains_file
18:30:18 10-04-24,unparked,boisehunterhomes.forsale,parked_domains_file
18:30:18 10-04-24,unparked,bonaloty.com,parked_domains_file
18:30:18 10-04-24,unparked,breedbanking.buzz,parked_domains_file
18:30:18 10-04-24,unparked,bretttackle.space,parked_domains_file
18:30:18 10-04-24,unparked,brooksdiscount.com,parked_domains_file
18:30:18 10-04-24,unparked,bulkammunitioncaliber.com,parked_domains_file
18:30:18 10-04-24,unparked,cadottmarketing.com,parked_domains_file
18:30:18 10-04-24,unparked,calgarybitcoin.net,parked_domains_file
18:30:18 10-04-24,unparked,callitspring.online,parked_domains_file
18:30:18 10-04-24,unparked,campershow.shop,parked_domains_file
18:30:18 10-04-24,unparked,cannamedsdeliverydispensary.com,parked_domains_file
18:30:18 10-04-24,unparked,capitalinvestmentprivate.com,parked_domains_file
18:30:18 10-04-24,unparked,capitazlone.com,parked_domains_file
18:30:18 10-04-24,unparked,capitfalone.com,parked_domains_file
18:30:18 10-04-24,unparked,cash-money.org,parked_domains_file
18:30:18 10-04-24,unparked,casino-rubin-official.com,parked_domains_file
18:30:18 10-04-24,unparked,chainbanking.net,parked_domains_file
18:30:18 10-04-24,unparked,chatgpt27.top,parked_domains_file
18:30:18 10-04-24,unparked,chemikalienkaufen.eu,parked_domains_file
18:30:18 10-04-24,unparked,classdigitalmarketing.com,parked_domains_file
18:30:18 10-04-24,unparked,clawclubofficial.com,parked_domains_file
18:30:18 10-04-24,unparked,crypto5.xyz,parked_domains_file
18:30:18 10-04-24,unparked,crypto6.xyz,parked_domains_file
18:30:18 10-04-24,unparked,cryptotradedstocks.xyz,parked_domains_file
18:30:18 10-04-24,unparked,cs-digitalmarketing.com,parked_domains_file
18:30:18 10-04-24,unparked,cuetronixpropertiesinvestments.com,parked_domains_file
18:30:18 10-04-24,unparked,curiinvestments.com,parked_domains_file
18:30:18 10-04-24,unparked,cyclingdiscounthub.shop,parked_domains_file
18:30:18 10-04-24,unparked,d-globallogisticsinc.com,parked_domains_file
18:30:18 10-04-24,unparked,darshamarketing.com,parked_domains_file
18:30:18 10-04-24,unparked,davisfarmsdispensary.net,parked_domains_file
18:30:18 10-04-24,unparked,dcsmarketingsolutions.com,parked_domains_file
18:30:18 10-04-24,unparked,deinhandwerkershop.de,parked_domains_file
18:30:18 10-04-24,unparked,deliveryflower.ru,parked_domains_file
18:30:18 10-04-24,unparked,deltaforcemining.com,parked_domains_file
18:30:18 10-04-24,unparked,desigualoutletsales.vip,parked_domains_file
18:30:18 10-04-24,unparked,desigualoutletssale.shop,parked_domains_file
18:30:18 10-04-24,unparked,devi-finance.org,parked_domains_file
18:30:18 10-04-24,unparked,dhillofficial.com,parked_domains_file
18:30:18 10-04-24,unparked,digitalmarketing-deutschland.com,parked_domains_file
18:30:18 10-04-24,unparked,digitalmarketing-muenchen.com,parked_domains_file
18:30:18 10-04-24,unparked,digitalmarketingacademy.biz,parked_domains_file
18:30:18 10-04-24,unparked,digitalmarketinghost.com,parked_domains_file
18:30:18 10-04-24,unparked,digitalmininggold.com,parked_domains_file
18:30:18 10-04-24,unparked,discount53.shop,parked_domains_file
18:30:18 10-04-24,unparked,dpaynemarketinggroup.com,parked_domains_file
18:30:18 10-04-24,unparked,dttrucksengines.co.za,parked_domains_file
18:30:18 10-04-24,unparked,eberhard-versand.de,parked_domains_file
18:30:18 10-04-24,unparked,ecologistic.co,parked_domains_file
18:30:18 10-04-24,unparked,ecrg-inc.com,parked_domains_file
18:30:18 10-04-24,unparked,edithannabeck.de,parked_domains_file
18:30:18 10-04-24,unparked,effinfastfreight.com,parked_domains_file
18:30:18 10-04-24,unparked,elektro-ecke.de,parked_domains_file
18:30:18 10-04-24,unparked,esmolab.net,parked_domains_file
18:30:18 10-04-24,unparked,explicitdrugsstore.com,parked_domains_file
18:30:18 10-04-24,unparked,expresshippingservices.com,parked_domains_file
18:30:18 10-04-24,unparked,expresspersonaldocuments.com,parked_domains_file
18:30:18 10-04-24,unparked,faire-bikes.de,parked_domains_file
18:30:18 10-04-24,unparked,feastfoodmarketing.com,parked_domains_file
18:30:18 10-04-24,unparked,filmteam-nieheim.de,parked_domains_file
18:30:18 10-04-24,unparked,finkerkette.de,parked_domains_file
18:30:18 10-04-24,unparked,finosrainforestexoticpet.com,parked_domains_file
18:30:18 10-04-24,unparked,fishingsale.space,parked_domains_file
18:30:18 10-04-24,unparked,florina-garten.de,parked_domains_file
18:30:18 10-04-24,unparked,flpublicinsuranceadjusters.com,parked_domains_file
18:30:18 10-04-24,unparked,freightmatelogistics.net,parked_domains_file
18:30:18 10-04-24,unparked,friendsoftraditionalbanking.net,parked_domains_file
18:30:18 10-04-24,unparked,fuckchatgpt.com,parked_domains_file
18:30:18 10-04-24,unparked,g-mail.site,parked_domains_file
18:30:18 10-04-24,unparked,gahas24.de,parked_domains_file
18:30:18 10-04-24,unparked,game-google.shop,parked_domains_file
18:30:18 10-04-24,unparked,gartenland-martens.de,parked_domains_file
18:30:18 10-04-24,unparked,garyscoins.com,parked_domains_file
18:30:18 10-04-24,unparked,georgia.gunshop.com,parked_domains_file
18:30:18 10-04-24,unparked,get-vapecarts.com,parked_domains_file
18:30:18 10-04-24,unparked,getvoltsemi.com,parked_domains_file
18:30:18 10-04-24,unparked,ghost-targeted-marketing.com,parked_domains_file
18:30:18 10-04-24,unparked,ghosttargetedmarketings.com,parked_domains_file
18:30:18 10-04-24,unparked,giondo.de,parked_domains_file
18:30:18 10-04-24,unparked,giyimoutlet.com,parked_domains_file
18:30:18 10-04-24,unparked,glas-gs.de,parked_domains_file
18:30:18 10-04-24,unparked,globalfxinvestmentltd.com,parked_domains_file
18:30:18 10-04-24,unparked,globalgoldenretrieverpuppies.com,parked_domains_file
18:30:18 10-04-24,unparked,globallogisticlimited.com,parked_domains_file
18:30:18 10-04-24,unparked,globaltradez.com,parked_domains_file
18:30:18 10-04-24,unparked,gloneotech.de,parked_domains_file
18:30:18 10-04-24,unparked,gluckstucke.de,parked_domains_file
18:30:18 10-04-24,unparked,go0gle.online,parked_domains_file
18:30:18 10-04-24,unparked,go0gle.shop,parked_domains_file
18:30:18 10-04-24,unparked,godelivery.nl,parked_domains_file
18:30:18 10-04-24,unparked,goldencreditunion.com,parked_domains_file
18:30:18 10-04-24,unparked,goldskyshipping.site,parked_domains_file
18:30:18 10-04-24,unparked,google-games.shop,parked_domains_file
18:30:18 10-04-24,unparked,googlecloudtraining.com,parked_domains_file
18:30:18 10-04-24,unparked,googletech.ru,parked_domains_file
18:30:18 10-04-24,unparked,goresourceworldwide.com,parked_domains_file
18:30:18 10-04-24,unparked,greentec-handel.de,parked_domains_file
18:30:18 10-04-24,unparked,grynowmarketing.com,parked_domains_file
18:30:18 10-04-24,unparked,gulffingroupinvest.com,parked_domains_file
18:30:18 10-04-24,unparked,gunpalor.com,parked_domains_file
18:30:18 10-04-24,unparked,gwcinvestment.com,parked_domains_file
18:30:18 10-04-24,unparked,hans-fahrradhaus.de,parked_domains_file
18:30:18 10-04-24,unparked,healthlanepharmacy.com,parked_domains_file
18:30:18 10-04-24,unparked,healthmarketing.info,parked_domains_file
18:30:18 10-04-24,unparked,henti.online,parked_domains_file
18:30:18 10-04-24,unparked,herzensnotiz.de,parked_domains_file
18:30:18 10-04-24,unparked,hglllshop.com,parked_domains_file
18:30:18 10-04-24,unparked,hier-brennts.de,parked_domains_file
18:30:18 10-04-24,unparked,homediscountplanet.shop,parked_domains_file
18:30:18 10-04-24,unparked,homelieferant.com,parked_domains_file
18:30:18 10-04-24,unparked,homeshopee-emart.com,parked_domains_file
18:30:18 10-04-24,unparked,horizoncontainers.com,parked_domains_file
18:30:18 10-04-24,unparked,hotoffersoutlet.shop,parked_domains_file
18:30:18 10-04-24,unparked,houseoffraser-discount.shop,parked_domains_file
18:30:18 10-04-24,unparked,hudsonvalleycommercialrealestateforsale.com,parked_domains_file
18:30:18 10-04-24,unparked,hudsonvalleylandforsale.com,parked_domains_file
18:30:18 10-04-24,unparked,hudsonvalleyrealestateforsale.com,parked_domains_file
18:30:18 10-04-24,unparked,hydrareloads.com,parked_domains_file
18:30:18 10-04-24,unparked,ifanofficial.com,parked_domains_file
18:30:18 10-04-24,unparked,ifshopee.com,parked_domains_file
18:30:18 10-04-24,unparked,illuminati666nation.com,parked_domains_file
18:30:18 10-04-24,unparked,indiana.gunshop.com,parked_domains_file
18:30:18 10-04-24,unparked,info-coinbase.top,parked_domains_file
18:30:18 10-04-24,unparked,inshortmarketing.com,parked_domains_file
18:30:18 10-04-24,unparked,insurance-quotes-14638.bond,parked_domains_file
18:30:18 10-04-24,unparked,insurancejensen.com,parked_domains_file
18:30:18 10-04-24,unparked,internetmarketingza.com,parked_domains_file
18:30:18 10-04-24,unparked,investmentsmanaged.com,parked_domains_file
18:30:18 10-04-24,unparked,iplt20official.com,parked_domains_file
18:30:18 10-04-24,unparked,iqdapk.cfd,parked_domains_file
18:30:18 10-04-24,unparked,istanbulmarketing.shop,parked_domains_file
18:30:18 10-04-24,unparked,ivermectforsale.online,parked_domains_file
18:30:18 10-04-24,unparked,joycasino-official.bid,parked_domains_file
18:30:18 10-04-24,unparked,joycasino-official.info,parked_domains_file
18:30:18 10-04-24,unparked,joycasino-official.org,parked_domains_file
18:30:18 10-04-24,unparked,jscapitalinvestmentsgroup.com,parked_domains_file
18:30:18 10-04-24,unparked,jugghouseofficial.com,parked_domains_file
18:30:18 10-04-24,unparked,kansas.gunshop.com,parked_domains_file
18:30:18 10-04-24,unparked,kanyuymarketing.com,parked_domains_file
18:30:18 10-04-24,unparked,ked-rad.de,parked_domains_file
18:30:18 10-04-24,unparked,kentucky.gunshop.com,parked_domains_file
18:30:18 10-04-24,unparked,kmcminingtz.com,parked_domains_file
18:30:18 10-04-24,unparked,kobedigital-marketing.com,parked_domains_file
18:30:18 10-04-24,unparked,lagerfehlmengen.de,parked_domains_file
18:30:18 10-04-24,unparked,learndropshipping.online,parked_domains_file
18:30:18 10-04-24,unparked,lehmann-versand.de,parked_domains_file
18:30:18 10-04-24,unparked,lifefarminvestment.site,parked_domains_file
18:30:18 10-04-24,unparked,lindasexoticcattery.com,parked_domains_file
18:30:18 10-04-24,unparked,litexoticsdc.com,parked_domains_file
18:30:18 10-04-24,unparked,logisticamar.com,parked_domains_file
18:30:18 10-04-24,unparked,logisticasostenibile.com,parked_domains_file
18:30:18 10-04-24,unparked,lttinvestments.site,parked_domains_file
18:30:18 10-04-24,unparked,lucia999official.org,parked_domains_file
18:30:18 10-04-24,unparked,mariahu.com,parked_domains_file
18:30:18 10-04-24,unparked,marketingautoglasspro.com,parked_domains_file
18:30:18 10-04-24,unparked,mgmlogistics.net,parked_domains_file
18:30:18 10-04-24,unparked,mimarketingisland.com,parked_domains_file
18:30:18 10-04-24,unparked,miningtechinsights.net,parked_domains_file
18:30:18 10-04-24,unparked,miningtechinsights.org,parked_domains_file
18:30:18 10-04-24,unparked,misunderstoodexotics.com,parked_domains_file
18:30:18 10-04-24,unparked,mkrayfinance.com,parked_domains_file
18:30:18 10-04-24,unparked,moebelhaus-clovis.de,parked_domains_file
18:30:18 10-04-24,unparked,momentumdigitalmarketingco.com,parked_domains_file
18:30:18 10-04-24,unparked,moms-artikel.com,parked_domains_file
18:30:18 10-04-24,unparked,moneywithdigitalmarketing.com,parked_domains_file
18:30:18 10-04-24,unparked,morenius.de,parked_domains_file
18:30:18 10-04-24,unparked,motorheaddiscount.parts,parked_domains_file
18:30:18 10-04-24,unparked,msmcompare.com,parked_domains_file
18:30:18 10-04-24,unparked,muangthaiiinsurance.com,parked_domains_file
18:30:18 10-04-24,unparked,mulberryhandbagsoutlet.co.uk,parked_domains_file
18:30:18 10-04-24,unparked,naturaleddiscount.com,parked_domains_file
18:30:18 10-04-24,unparked,neutralcarbonworldwide.com,parked_domains_file
18:30:18 10-04-24,unparked,newaysmarketing.com,parked_domains_file
18:30:18 10-04-24,unparked,newjersey.gunshop.com,parked_domains_file
18:30:18 10-04-24,unparked,ngmhentai.net,parked_domains_file
18:30:18 10-04-24,unparked,nitlogistic.in,parked_domains_file
18:30:18 10-04-24,unparked,officialalerts.xyz,parked_domains_file
18:30:18 10-04-24,unparked,officiallordnewton.com,parked_domains_file
18:30:18 10-04-24,unparked,officialmolliesugden.co.uk,parked_domains_file
18:30:18 10-04-24,unparked,officialteams.com,parked_domains_file
18:30:18 10-04-24,unparked,oilcommoditytrading.com,parked_domains_file
18:30:18 10-04-24,unparked,oldnavyofficial.shop,parked_domains_file
18:30:18 10-04-24,unparked,onlineanzeige.de,parked_domains_file
18:30:18 10-04-24,unparked,onoutlet.shop,parked_domains_file
18:30:18 10-04-24,unparked,optimaldealsoutlet.shop,parked_domains_file
18:30:18 10-04-24,unparked,outdoor-diary.info,parked_domains_file
18:30:18 10-04-24,unparked,outletawes.com,parked_domains_file
18:30:18 10-04-24,unparked,patagoniaeushop.top,parked_domains_file
18:30:18 10-04-24,unparked,pawowners.com,parked_domains_file
18:30:18 10-04-24,unparked,pennoutlet-sale.top,parked_domains_file
18:30:18 10-04-24,unparked,pentagon.capital,parked_domains_file
18:30:18 10-04-24,unparked,perryhomeinvestmentsllc.org,parked_domains_file
18:30:18 10-04-24,unparked,petinsurancerank.com,parked_domains_file
18:30:18 10-04-24,unparked,pflegemarketing.com,parked_domains_file
18:30:18 10-04-24,unparked,ph2logistics.com,parked_domains_file
18:30:18 10-04-24,unparked,physicalfit.space,parked_domains_file
18:30:18 10-04-24,unparked,pillslane.com,parked_domains_file
18:30:18 10-04-24,unparked,pjjmarketing.net,parked_domains_file
18:30:18 10-04-24,unparked,plays-google.shop,parked_domains_file
18:30:18 10-04-24,unparked,poodlepuppieshome.com,parked_domains_file
18:30:18 10-04-24,unparked,premiertrendsoutlet.shop,parked_domains_file
18:30:18 10-04-24,unparked,premium77.today,parked_domains_file
18:30:18 10-04-24,unparked,premiumstore.in,parked_domains_file
18:30:18 10-04-24,unparked,primevaluesoutlet.shop,parked_domains_file
18:30:18 10-04-24,unparked,priorityshippings.com,parked_domains_file
18:30:18 10-04-24,unparked,prokabaddiofficial.org,parked_domains_file
18:30:18 10-04-24,unparked,qualityfindsoutlet.shop,parked_domains_file
18:30:18 10-04-24,unparked,quill-outdoor.cz,parked_domains_file
18:30:18 10-04-24,unparked,rainer-baumarkt.de,parked_domains_file
18:30:18 10-04-24,unparked,realbeautyoutlet.com,parked_domains_file
18:30:18 10-04-24,unparked,reborntraumland.de,parked_domains_file
18:30:18 10-04-24,unparked,reddot.site,parked_domains_file
18:30:18 10-04-24,unparked,reickswaylogistics.com,parked_domains_file
18:30:18 10-04-24,unparked,relianceadvocates.com,parked_domains_file
18:30:18 10-04-24,unparked,rezeptfrei-bestellung.de,parked_domains_file
18:30:18 10-04-24,unparked,royalauthoritymarketing.buzz,parked_domains_file
18:30:18 10-04-24,unparked,ruhrmove.de,parked_domains_file
18:30:18 10-04-24,unparked,ruizo.store,parked_domains_file
18:30:18 10-04-24,unparked,salesandmarketingtools.com,parked_domains_file
18:30:18 10-04-24,unparked,sarbinfo.org,parked_domains_file
18:30:18 10-04-24,unparked,scalee-marketing.fr,parked_domains_file
18:30:18 10-04-24,unparked,schnell-reifenhandel.shop,parked_domains_file
18:30:18 10-04-24,unparked,scotchandsodavip.shop,parked_domains_file
18:30:18 10-04-24,unparked,shop-google.shop,parked_domains_file
18:30:18 10-04-24,unparked,shopee1.online,parked_domains_file
18:30:18 10-04-24,unparked,siimcoimpermeabilizaciones.com,parked_domains_file
18:30:18 10-04-24,unparked,smining.shop,parked_domains_file
18:30:18 10-04-24,unparked,smith.wesson.gunshop.com,parked_domains_file
18:30:18 10-04-24,unparked,sparepartsonlineshop.com,parked_domains_file
18:30:18 10-04-24,unparked,sportyline.de,parked_domains_file
18:30:18 10-04-24,unparked,statespitbullhome.com,parked_domains_file
18:30:18 10-04-24,unparked,staxofficial.store,parked_domains_file
18:30:18 10-04-24,unparked,suppsoutlet.com,parked_domains_file
18:30:18 10-04-24,unparked,sxlogistic.in,parked_domains_file
18:30:18 10-04-24,unparked,tactical.gunshop.com,parked_domains_file
18:30:18 10-04-24,unparked,tacticalbeards.store,parked_domains_file
18:30:18 10-04-24,unparked,tacticalsacshop.com,parked_domains_file
18:30:18 10-04-24,unparked,tallhorsemarketing.com,parked_domains_file
18:30:18 10-04-24,unparked,targetlead.marketing,parked_domains_file
18:30:18 10-04-24,unparked,telegramkanallar.net,parked_domains_file
18:30:18 10-04-24,unparked,teletranslogistics.com,parked_domains_file
18:30:18 10-04-24,unparked,tenmining.com,parked_domains_file
18:30:18 10-04-24,unparked,terla.xyz,parked_domains_file
18:30:18 10-04-24,unparked,texas.gunshop.com,parked_domains_file
18:30:18 10-04-24,unparked,texascountrylogistics.com,parked_domains_file
18:30:18 10-04-24,unparked,tflshipping.com,parked_domains_file
18:30:18 10-04-24,unparked,thepistolgunshop.com,parked_domains_file
18:30:18 10-04-24,unparked,theyeezygap.shop,parked_domains_file
18:30:18 10-04-24,unparked,tiktokbkuz.com,parked_domains_file
18:30:18 10-04-24,unparked,tiktokkmk.com,parked_domains_file
18:30:18 10-04-24,unparked,tiktokskyh.top,parked_domains_file
18:30:18 10-04-24,unparked,tiktokthyj.top,parked_domains_file
18:30:18 10-04-24,unparked,tommyonlineus.com,parked_domains_file
18:30:18 10-04-24,unparked,toolsclearance.shop,parked_domains_file
18:30:18 10-04-24,unparked,topdiscountsmarket.shop,parked_domains_file
18:30:18 10-04-24,unparked,topoffersoutlet.shop,parked_domains_file
18:30:18 10-04-24,unparked,toppickoutlet.shop,parked_domains_file
18:30:18 10-04-24,unparked,topqualityoutlet.shop,parked_domains_file
18:30:18 10-04-24,unparked,topselectionoutlet.shop,parked_domains_file
18:30:18 10-04-24,unparked,trendingbuysoutlet.shop,parked_domains_file
18:30:18 10-04-24,unparked,trendingfindsoutlet.shop,parked_domains_file
18:30:18 10-04-24,unparked,trendinggoodsoutlet.shop,parked_domains_file
18:30:18 10-04-24,unparked,trendingoffersoutlet.shop,parked_domains_file
18:30:18 10-04-24,unparked,trusteddeliveryservicesllc.com,parked_domains_file
18:30:18 10-04-24,unparked,tryprimediscountshop.com,parked_domains_file
18:30:18 10-04-24,unparked,twinpalmsmarketing.com,parked_domains_file
18:30:18 10-04-24,unparked,ukminingremains.co.uk,parked_domains_file
18:30:18 10-04-24,unparked,ultimatediscounthub.shop,parked_domains_file
18:30:18 10-04-24,unparked,unitedlogisticsexpress.com,parked_domains_file
18:30:18 10-04-24,unparked,unitedlogisticsshippingservice.com,parked_domains_file
18:30:18 10-04-24,unparked,unofficialbird.net,parked_domains_file
18:30:18 10-04-24,unparked,usloungeflybag.shop,parked_domains_file
18:30:18 10-04-24,unparked,uspshippingexpress.com,parked_domains_file
18:30:18 10-04-24,unparked,v-travelinsurance.online,parked_domains_file
18:30:18 10-04-24,unparked,vaalviewhmtlab.com,parked_domains_file
18:30:18 10-04-24,unparked,vapaofficial.com,parked_domains_file
18:30:18 10-04-24,unparked,villacrestpuppies.net,parked_domains_file
18:30:18 10-04-24,unparked,visceralworldwide.com,parked_domains_file
18:30:18 10-04-24,unparked,vosen.shop,parked_domains_file
18:30:18 10-04-24,unparked,vpndiscountcodes.com,parked_domains_file
18:30:18 10-04-24,unparked,vpschemicals.com,parked_domains_file
18:30:18 10-04-24,unparked,wheatinfall.com,parked_domains_file
18:30:18 10-04-24,unparked,wingwalkermarketing.com,parked_domains_file
18:30:18 10-04-24,unparked,worldwideautoz.com,parked_domains_file
18:30:18 10-04-24,unparked,xinommarketing.com,parked_domains_file
18:30:18 10-04-24,unparked,xn--icrosoft-g89c.com,parked_domains_file
18:30:18 10-04-24,unparked,xoespace.com,parked_domains_file
18:30:18 10-04-24,unparked,xsapk.shop,parked_domains_file
18:30:18 10-04-24,unparked,zagormarketing.com,parked_domains_file
18:30:18 10-04-24,unparked,zapatrading.com,parked_domains_file
18:30:18 10-04-24,unparked,zetko-waren.de,parked_domains_file
18:30:18 10-04-24,unparked,zool.monster,parked_domains_file
18:30:18 10-04-24,unparked,zweibrueckenoutlet.com,parked_domains_file
01:20:55 11-04-24,invalid,discount,raw
01:20:58 11-04-24,toplist,hentai18vnz.net,raw
01:20:58 11-04-24,toplist,hentaivn.bid,raw
01:20:58 11-04-24,toplist,vegdex.com,raw
01:35:08 11-04-24,whitelist,hentai18vnz.net,raw
01:35:08 11-04-24,whitelist,hentaivn.bid,raw
