Time,Search Term,Raw Count,Final Count,Whitelisted,Dead,Redundant,Toplist Count,Toplist Domains
12:24:19 15-03-24,"We have spent our entire lives in the business of clothing, from economy lines to luxury lines,.Tho...",0,0,0,0,0,,
12:24:19 15-03-24,"committed to the progress of sustainability within our business practices. With consistent evaluati...",0,0,0,0,0,,
12:24:19 15-03-24,"and since then we have managed countless of online stores. Our mission is supplying you with the la...",0,0,0,0,0,,
12:24:19 15-03-24,"is your global online store that delivers latest fashion apparel for you! Thousands of products in ...",0,0,0,0,0,,
12:24:19 15-03-24,"Since we know you want all sorts of custom products, we got you covered with highly professional su...",0,0,0,0,0,,
12:24:19 15-03-24,"No matter where you are, who you are and what you are passionate about we want to be able to provid...",0,0,0,0,0,,
12:24:19 15-03-24,"We have spent years searching for creative, smart, and useful products around the world and bring t...",0,0,0,0,0,,
12:24:19 15-03-24,"Our business was started by a small team of very ambitious young men and women. We've worked in the...",0,0,0,0,0,,
12:24:19 15-03-24,"If you ever have problems with your order, we'll do everything we can to make it right. We aim to t...",0,0,0,0,0,,
12:24:19 15-03-24,"As a result, we have an industry leading low claims ratio and long-term relationships with our sati...",0,0,0,0,0,,
12:24:19 15-03-24,"Serving customers is our specialty - our devoted team is live and available to assist. We guarantee...",0,0,0,0,0,,
12:24:19 15-03-24,"Your satisfaction is our service purpose, if you have any question or need help, please feel free t...",0,0,0,0,0,,
12:24:19 15-03-24,"experience that blends the highest level of health care with exceptional service. People can enroll...",0,0,0,0,0,,
12:24:19 15-03-24,"Various Styles: More than 4000 different models in stock to catch the market demand and we will upd...",0,0,0,0,0,,
15:24:25 15-03-24,"test...",1,1,0,0,0,0,
